BRAND,TYPE,NAME,MODEL,TRANS,COLOR,COUNT,PRICE,TOTAL,DATE,
Skoda,SUV,Yeti,,Automatic 6,Red,1,22140,22140,2013/4/10,
Skoda,SUV,Yeti,,Automatic 6,Red,1,22140,22140,2013/4/15,
Skoda,SUV,Yeti,,Manual 6,Blue,1,22140,22140,2013/3/27,
Skoda,SUV,Yeti,,Manual 6,Blue,1,22140,22140,2013/1/31,
Skoda,SUV,Yeti,,Manual 6,Blue,1,22140,22140,2013/4/1,
Skoda,SUV,Yeti,,Manual 6,Blue,1,22140,22140,2013/2/5,
Skoda,SUV,Yeti,,Manual 6,Blue,1,22140,22140,2013/1/24,
Skoda,SUV,Yeti,,Manual 6,Red,1,22140,22140,2013/4/4,
Toyota,Car,Camry,,Automatic 6,Black,1,23220,23220,2014/9/1,
Toyota,Car,Camry,,Automatic 6,Black,1,23220,23220,2014/9/9,
Toyota,Car,Camry,,Automatic 6,Black,1,23220,23220,2014/9/15,
Toyota,Car,Camry,,Automatic 6,Black,1,23220,23220,2014/9/16,
Toyota,Car,Camry,,Automatic 6,Black,1,23220,23220,2014/9/17,
Toyota,Car,Camry,,Automatic 6,Black,1,23220,23220,2014/9/18,
Toyota,Car,Camry,,Manual 6,Black,1,23220,23220,2014/8/8,
Toyota,Car,Camry,,Manual 6,Black,1,23220,23220,2014/8/12,
Toyota,Car,Camry,,Manual 6,Black,1,23220,23220,2014/8/20,
Toyota,Car,Camry,,Manual 6,Black,1,23220,23220,2014/7/25,
Toyota,SUV,Highlander,,Automatic 5,Blue,1,28240,28240,2013/12/12,
Toyota,SUV,Highlander,,Automatic 5,Blue,1,28240,28240,2013/12/2,
Toyota,SUV,Highlander,,Automatic 5,Blue,3,28240,84720,2013/12/19,
Toyota,SUV,Highlander,,Automatic 5,Blue,1,28240,28240,2013/11/22,
Toyota,SUV,Highlander,,Automatic 5,Red,1,28240,28240,2013/11/8,
Toyota,SUV,Highlander,,Automatic 5,Red,1,28240,28240,2013/11/13,
Toyota,SUV,Highlander,,Automatic 5,Red,1,28240,28240,2013/11/14,
Toyota,SUV,Highlander,,Automatic 6,Black,3,28240,84720,2014/1/17,
Toyota,SUV,Highlander,,Automatic 6,Black,3,28240,84720,2014/1/21,
Toyota,SUV,Highlander,,Automatic 6,Black,3,28240,84720,2014/1/3,
Toyota,SUV,RAV4,,Automatic 5,Blue,2,22650,45300,2013/8/8,
Toyota,SUV,RAV4,,Automatic 5,Blue,2,22650,45300,2013/7/18,
Toyota,SUV,RAV4,,Automatic 5,Blue,2,22650,45300,2013/8/22,
Toyota,SUV,RAV4,,Automatic 5,Blue,2,22650,45300,2013/8/26,
Toyota,SUV,RAV4,,Automatic 5,Green,2,22650,45300,2013/6/27,
Toyota,SUV,RAV4,,Manual 5,Green,2,22650,45300,2013/6/6,
Toyota,SUV,RAV4,,Manual 5,Green,2,22650,45300,2013/6/13,
Toyota,SUV,RAV4,,Manual 5,Green,2,22650,45300,2013/6/18,
Toyota,SUV,RAV4,,Manual 5,Green,2,22650,45300,2013/6/20,
Toyota,SUV,RAV4,,Manual 5,Red,2,22650,45300,2013/4/30,
Toyota,SUV,RAV4,,Manual 5,Red,2,22650,45300,2013/5/7,
Toyota,Van,Sienna,,Automatic 6,Blue,1,25060,25060,2013/3/7,
Toyota,Van,Sienna,,Automatic 6,Green,1,25060,25060,2013/3/13,
Toyota,Van,Sienna,,Automatic 6,Green,1,25060,25060,2013/3/21,
Toyota,Van,Sienna,,Automatic 6,Red,1,25060,25060,2013/1/31,
Toyota,Van,Sienna,,Automatic 6,Red,1,25060,25060,2013/2/4,
Toyota,Van,Sienna,,Automatic 6,Red,1,25060,25060,2013/2/5,
Toyota,Van,Sienna,,Automatic 6,Red,1,25060,25060,2013/2/6,
Toyota,Van,Sienna,,Automatic 6,Silver,1,25060,25060,2013/2/28,
Toyota,Van,Sienna,,Automatic 6,Silver,1,25060,25060,2013/2/20,
Toyota,Van,Sienna,,Automatic 6,Silver,1,25060,25060,2013/2/21,
Volkswagen,Car,Golf,,Automatic 6,Black,1,18095,18095,2014/2/27,
Volkswagen,Car,Golf,,Automatic 6,Black,1,18095,18095,2014/3/6,
Volkswagen,Car,Golf,,Automatic 6,Black,1,18095,18095,2014/3/7,
Volkswagen,Car,Golf,,Automatic 6,Black,1,18095,18095,2014/2/24,
Volkswagen,Car,Golf,,Automatic 6,Blue,1,18095,18095,2014/2/11,
Volkswagen,Car,Golf,,Automatic 6,Blue,1,18095,18095,2014/2/12,
Volkswagen,Car,Golf,,Manual 6,Blue,1,18095,18095,2014/1/31,
Volkswagen,Car,Golf,,Manual 6,Blue,1,18095,18095,2014/2/5,
Volkswagen,Car,Golf,,Manual 6,Blue,1,18095,18095,2014/2/7,
Volkswagen,Car,Golf,,Manual 6,Blue,1,18095,18095,2014/1/24,
Chevrolet,Van,Express,1500 Cargo,Automatic 4,Blue,1,25090,25090,2013/12/10,
Chevrolet,Van,Express,1500 Cargo,Automatic 4,Gray,2,25090,50180,2013/11/4,
Chevrolet,Van,Express,1500 Cargo,Automatic 4,Gray,2,25090,50180,2013/11/12,
Chevrolet,Van,Express,1500 Cargo,Automatic 4,Gray,2,25090,50180,2013/11/25,
Chevrolet,Van,Express,1500 Cargo,Automatic 4,Green,2,25090,50180,2013/11/28,
Chevrolet,Van,Express,1500 Cargo,Automatic 6,Green,2,25090,50180,2013/11/29,
Chevrolet,Van,Express,1500 Cargo,Automatic 6,Green,2,25090,50180,2013/12/5,
Chevrolet,Van,Express,1500 Cargo,Automatic 6,Green,2,25090,50180,2013/12/2,
Chevrolet,Van,Express,1500 LS Passenger,Automatic 4,Gray,1,28940,28940,2013/12/17,
Chevrolet,Van,Express,1500 LS Passenger,Automatic 4,Gray,1,28940,28940,2013/12/25,
Chevrolet,Van,Express,1500 LS Passenger,Automatic 4,Green,1,28940,28940,2014/1/21,
Chevrolet,Van,Express,1500 LS Passenger,Automatic 6,Green,1,28940,28940,2014/1/15,
Chevrolet,Van,Express,1500 LS Passenger,Automatic 6,Green,1,28940,28940,2014/1/20,
Chevrolet,Van,Express,1500 LS Passenger,Automatic 6,Red,1,28940,28940,2014/1/2,
Chevrolet,Van,Express,1500 LS Passenger,Automatic 4,Gray,1,28940,28940,2013/12/31,
Chevrolet,Van,Express,1500 LS Passenger,Automatic 4,Gray,1,28940,28940,2013/12/16,
Volkswagen,Car,Beetle,2.0T,Automatic 6,Blue,2,24495,48990,2013/11/6,
Volkswagen,Car,Beetle,2.0T,Automatic 6,Silver,2,24495,48990,2013/9/27,
Volkswagen,Car,Beetle,2.0T,Automatic 6,White,2,24495,48990,2013/10/28,
Volkswagen,Car,Beetle,2.0T,Automatic 6,White,2,24495,48990,2013/10/29,
Volkswagen,Car,Beetle,2.0T,Automatic 6,White,2,24495,48990,2013/10/30,
Volkswagen,Car,Beetle,2.0T,Automatic 6,White,2,24495,48990,2013/10/2,
Volkswagen,Car,Beetle,2.0T,Manual 6,Blue,2,24495,48990,2013/11/7,
Volkswagen,Car,Beetle,2.0T,Manual 6,Silver,1,24495,24495,2013/9/24,
Volkswagen,Car,Beetle,2.0T,Manual 6,Silver,1,24495,24495,2013/9/25,
Subaru,Car,Impreza,2.0i ,Manual 6,Black,2,17895,35790,2014/11/7,
Subaru,Car,Impreza,2.0i ,Manual 6,Black,1,17895,17895,2014/12/8,
Subaru,Car,Impreza,2.0i ,Manual 6,Black,1,17895,17895,2014/11/11,
Subaru,Car,Impreza,2.0i ,Manual 6,Black,1,17895,17895,2014/12/12,
Subaru,Car,Impreza,2.0i ,Manual 6,Black,1,17895,17895,2014/11/13,
Subaru,Car,Impreza,2.0i ,Manual 6,Black,3,17895,53685,2014/12/15,
Subaru,Car,Impreza,2.0i ,Manual 6,White,2,17895,35790,2014/11/6,
Subaru,Car,Impreza,2.0i ,Manual 6,White,2,17895,35790,2014/10/17,
Subaru,Car,Impreza,2.0i ,Manual 6,White,2,17895,35790,2014/10/21,
Subaru,SUV,XV Crosstrek,2.0i Limited,Automatic 6,Orange,2,24495,48990,2014/3/28,
Subaru,SUV,XV Crosstrek,2.0i Limited,Automatic 6,Silver,2,24495,48990,2014/3/18,
Subaru,SUV,XV Crosstrek,2.0i Limited,Automatic 6,Silver,2,24495,48990,2014/2/18,
Subaru,SUV,XV Crosstrek,2.0i Limited,Automatic 6,Silver,2,24495,48990,2014/3/19,
Subaru,SUV,XV Crosstrek,2.0i Limited,Manual 6,Orange,2,24495,48990,2014/1/30,
Subaru,SUV,XV Crosstrek,2.0i Limited,Manual 6,Orange,2,24495,48990,2014/1/31,
Subaru,SUV,XV Crosstrek,2.0i Limited,Manual 6,Orange,2,24495,48990,2014/1/15,
Subaru,SUV,XV Crosstrek,2.0i Limited,Manual 6,Orange,2,24495,48990,2014/1/20,
Subaru,SUV,XV Crosstrek,2.0i Limited,Manual 6,Orange,2,24495,48990,2014/1/24,
Subaru,SUV,XV Crosstrek,2.0i Limited,Manual 6,Silver,2,24495,48990,2014/2/17,
Subaru,SUV,XV Crosstrek,2.0i Premium,Automatic 6,Orange,2,21995,43990,2013/12/30,
Subaru,SUV,XV Crosstrek,2.0i Premium,Automatic 6,Orange,2,21995,43990,2013/12/31,
Subaru,SUV,XV Crosstrek,2.0i Premium,Automatic 6,Orange,2,21995,43990,2013/12/16,
Subaru,SUV,XV Crosstrek,2.0i Premium,Automatic 6,Orange,2,21995,43990,2013/12/18,
Subaru,SUV,XV Crosstrek,2.0i Premium,Automatic 6,Silver,2,21995,43990,2014/1/6,
Subaru,SUV,XV Crosstrek,2.0i Premium,Manual 6,Orange,2,21995,43990,2013/12/10,
Subaru,SUV,XV Crosstrek,2.0i Premium,Manual 6,Orange,2,21995,43990,2013/12/11,
Subaru,SUV,XV Crosstrek,2.0i Premium,Manual 6,Silver,2,21995,43990,2013/11/19,
Subaru,SUV,XV Crosstrek,2.0i Premium,Manual 6,Silver,2,21995,43990,2013/11/26,
Subaru,Car,Impreza,2.0i Sport Premium,Manual 6,Black,3,20795,62385,2014/12/18,
Subaru,Car,Impreza,2.0i Sport Premium,Manual 6,Black,3,20795,62385,2014/12/19,
Subaru,Car,Impreza,2.0i Sport Premium,Manual 6,Black,3,20795,62385,2014/12/22,
Subaru,Car,Impreza,2.0i Sport Premium,Manual 6,Black,3,20795,62385,2014/12/26,
Subaru,Car,Impreza,2.0i Sport Premium,Manual 6,White,1,20795,20795,2013/1/28,
Subaru,Car,Impreza,2.0i Sport Premium,Manual 6,White,1,20795,20795,2014/12/29,
Subaru,Car,Impreza,2.0i Sport Premium,Manual 6,White,1,20795,20795,2013/1/29,
Subaru,Car,Impreza,2.0i Sport Premium,Manual 6,White,1,20795,20795,2013/1/30,
Subaru,Car,Impreza,2.0i Sport Premium,Manual 6,White,1,20795,20795,2013/1/1,
Subaru,Car,Impreza,2.0i Sport Premium,Manual 6,White,1,20795,20795,2013/1/16,
Subaru,Car,Impreza,2.0i Sport Premium,Manual 6,White,1,20795,20795,2013/1/23,
Subaru,Car,Impreza,2.0i Sport Premium,Manual 6,White,1,20795,20795,2013/1/25,
Volkswagen,Car,Beetle,2.5,Automatic 6,Silver,1,19995,19995,2013/9/18,
Volkswagen,Car,Beetle,2.5,Automatic 6,Silver,1,19995,19995,2013/9/20,
Volkswagen,Car,Beetle,2.5,Manual 6,Blue,1,19995,19995,2013/8/5,
Volkswagen,Car,Beetle,2.5,Manual 6,Blue,1,19995,19995,2013/8/13,
Volkswagen,Car,Beetle,2.5,Manual 6,Silver,1,19995,19995,2013/8/22,
Volkswagen,Car,Beetle,2.5,Manual 6,White,1,19995,19995,2013/7/30,
Volkswagen,Car,Beetle,2.5,Manual 6,White,1,19995,19995,2013/6/12,
Volkswagen,Car,Beetle,2.5,Manual 6,White,1,19995,19995,2013/7/2,
Volkswagen,Car,Beetle,2.5,Manual 6,White,1,19995,19995,2013/7/24,
Subaru,SUV,Forester,2.5i,Automatic 6,Blue,1,21995,21995,2013/8/12,
Subaru,SUV,Forester,2.5i,Automatic 6,Blue,1,21995,21995,2013/8/14,
Subaru,SUV,Forester,2.5i,Automatic 6,White,1,21995,21995,2013/8/19,
Subaru,SUV,Forester,2.5i,Automatic 6,White,1,21995,21995,2013/8/22,
Subaru,SUV,Forester,2.5i,Manual 6,Blue,1,21995,21995,2013/7/29,
Subaru,SUV,Forester,2.5i,Manual 6,Blue,1,21995,21995,2013/8/7,
Subaru,SUV,Forester,2.5i,Manual 6,Blue,1,21995,21995,2013/8/2,
Subaru,SUV,Forester,2.5i,Manual 6,White,1,21995,21995,2013/7/15,
Subaru,SUV,Forester,2.5i,Manual 6,White,1,21995,21995,2013/7/25,
Subaru,SUV,Forester,2.5i Limited,Automatic 6,Blue,1,27995,27995,2013/9/23,
Subaru,SUV,Forester,2.5i Limited,Automatic 6,Blue,1,27995,27995,2013/9/25,
Subaru,SUV,Forester,2.5i Limited,Automatic 6,White,2,27995,55990,2013/10/30,
Subaru,SUV,Forester,2.5i Limited,Automatic 6,White,2,27995,55990,2013/11/7,
Subaru,SUV,Forester,2.5i Limited,Automatic 6,White,2,27995,55990,2013/10/24,
Subaru,SUV,Forester,2.5i Limited,Automatic 6,White,2,27995,55990,2013/9/26,
Subaru,SUV,Forester,2.5i Limited,Manual 6,Blue,1,27995,27995,2013/9/4,
Subaru,SUV,Forester,2.5i Limited,Manual 6,Blue,1,27995,27995,2013/9/11,
Subaru,SUV,Forester,2.5i Limited,Manual 6,Blue,1,27995,27995,2013/9/12,
Subaru,Car,Legacy,2.5i Premium,Automatic 6,Black,1,22495,22495,2014/7/3,
Subaru,Car,Legacy,2.5i Premium,Automatic 6,Blue,2,22495,44990,2014/7/10,
Subaru,Car,Legacy,2.5i Premium,Automatic 6,Blue,2,22495,44990,2014/7/16,
Subaru,Car,Legacy,2.5i Premium,Automatic 6,Blue,2,22495,44990,2014/7/18,
Subaru,Car,Legacy,2.5i Premium,Manual 6,Black,1,22495,22495,2014/6/27,
Subaru,Car,Legacy,2.5i Premium,Manual 6,Black,1,22495,22495,2014/7/1,
Subaru,Car,Legacy,2.5i Premium,Manual 6,Blue,1,22495,22495,2014/6/9,
Subaru,Car,Legacy,2.5i Premium,Manual 6,Blue,1,22495,22495,2014/6/20,
Subaru,Car,Legacy,2.5i Premium,Manual 6,Blue,1,22495,22495,2014/5/23,
Subaru,Car,Legacy,2.5i Sport,Automatic 6,Black,2,24495,48990,2014/9/17,
Subaru,Car,Legacy,2.5i Sport,Automatic 6,Blue,2,24495,48990,2014/10/6,
Subaru,Car,Legacy,2.5i Sport,Automatic 6,Blue,2,24495,48990,2014/10/7,
Subaru,Car,Legacy,2.5i Sport,Automatic 6,Blue,2,24495,48990,2014/10/15,
Subaru,Car,Legacy,2.5i Sport,Automatic 6,Blue,2,24495,48990,2014/10/3,
Subaru,Car,Legacy,2.5i Sport,Automatic 6,Blue,2,24495,48990,2014/9/22,
Subaru,Car,Legacy,2.5i Sport,Manual 6,Black,2,24495,48990,2014/9/5,
Subaru,Car,Legacy,2.5i Sport,Manual 6,Black,2,24495,48990,2014/8/6,
Subaru,Car,Legacy,2.5i Sport,Manual 6,Black,2,24495,48990,2014/8/25,
Chevrolet,Van,Express,2500 Cargo,Automatic 4,Green,2,38540,77080,2014/4/11,
Chevrolet,Van,Express,2500 Cargo,Automatic 4,Green,2,38540,77080,2014/4/23,
Chevrolet,Van,Express,2500 Cargo,Automatic 4,Silver,2,38540,77080,2014/4/4,
Chevrolet,Van,Express,2500 Cargo,Automatic 6,Green,2,38540,77080,2014/4/28,
Chevrolet,Van,Express,2500 Cargo,Automatic 6,Green,2,38540,77080,2014/5/28,
Chevrolet,Van,Express,2500 Cargo,Automatic 6,Green,1,38540,38540,2014/6/9,
Chevrolet,Van,Express,2500 Cargo,Automatic 6,Green,1,38540,38540,2014/6/12,
Chevrolet,Van,Express,2500 Cargo,Automatic 6,Green,1,38540,38540,2014/6/24,
Chevrolet,Van,Express,2500 Cargo,Automatic 6,Silver,2,38540,77080,2014/3/27,
Chevrolet,Van,Express,2500 Extended Cargo,Automatic 4,Green,1,40400,40400,2014/7/9,
Chevrolet,Van,Express,2500 Extended Cargo,Automatic 4,Green,1,40400,40400,2014/7/21,
Chevrolet,Van,Express,2500 Extended Cargo,Automatic 4,Green,1,40400,40400,2014/6/25,
Chevrolet,Van,Express,2500 Extended Cargo,Automatic 6,Black,1,40400,40400,2014/8/29,
Chevrolet,Van,Express,2500 Extended Cargo,Automatic 6,Black,1,40400,40400,2014/9/3,
Chevrolet,Van,Express,2500 Extended Cargo,Automatic 6,Silver,1,40400,40400,2014/9/8,
Chevrolet,Van,Express,2500 Extended Cargo,Automatic 6,Silver,1,40400,40400,2014/9/17,
Chevrolet,Van,Express,2500 Extended Cargo,Automatic 6,Silver,1,40400,40400,2014/7/24,
Chevrolet,Van,Express,2500 Extended Cargo,Automatic 6,White,1,40400,40400,2014/7/28,
Chevrolet,Van,Express,2500 Extended Cargo,Automatic 6,White,1,40400,40400,2014/8/15,
Chevrolet,Van,Express,2500 LS Passenger,Automatic 4,Gray,1,29835,29835,2014/3/7,
Chevrolet,Van,Express,2500 LS Passenger,Automatic 4,Silver,1,29835,29835,2014/1/30,
Chevrolet,Van,Express,2500 LS Passenger,Automatic 4,Silver,1,29835,29835,2014/2/10,
Chevrolet,Van,Express,2500 LS Passenger,Automatic 4,Silver,1,29835,29835,2014/2/14,
Chevrolet,Van,Express,2500 LS Passenger,Automatic 4,Silver,1,29835,29835,2014/2/20,
Chevrolet,Van,Express,2500 LS Passenger,Automatic 6,Gray,1,29835,29835,2014/3/10,
Chevrolet,Van,Express,2500 LS Passenger,Automatic 6,Gray,1,29835,29835,2014/3/21,
Chevrolet,Van,Express,2500 LS Passenger,Automatic 6,Gray,1,29835,29835,2014/1/22,
Chevrolet,Van,Express,2500 LS Passenger,Automatic 6,Gray,2,29835,59670,2014/3/25,
Subaru,SUV,Tribeca,3.6R Limited,Automatic 6,Silver,1,32595,32595,2014/5/5,
Subaru,SUV,Tribeca,3.6R Limited,Automatic 6,Silver,2,32595,65190,2014/4/1,
Subaru,SUV,Tribeca,3.6R Limited,Automatic 6,Silver,2,32595,65190,2014/4/7,
Subaru,SUV,Tribeca,3.6R Limited,Automatic 6,Silver,1,32595,32595,2014/5/12,
Subaru,SUV,Tribeca,3.6R Limited,Automatic 6,Silver,2,32595,65190,2014/4/14,
Subaru,SUV,Tribeca,3.6R Limited,Automatic 6,Silver,1,32595,32595,2014/4/15,
Subaru,SUV,Tribeca,3.6R Limited,Automatic 6,Silver,1,32595,32595,2014/5/15,
Subaru,SUV,Tribeca,3.6R Limited,Automatic 6,Silver,1,32595,32595,2014/5/16,
Chevrolet,Van,Express,3500 Cargo,Automatic 4,Black,3,41860,125580,2014/10/8,
Chevrolet,Van,Express,3500 Cargo,Automatic 4,White,3,41860,125580,2014/9/24,
Chevrolet,Van,Express,3500 Cargo,Automatic 6,Black,3,41860,125580,2014/10/13,
Chevrolet,Van,Express,3500 Cargo,Automatic 6,Green,1,41860,41860,2014/10/30,
Chevrolet,Van,Express,3500 Cargo,Automatic 6,Green,1,41860,41860,2014/11/11,
Chevrolet,Van,Express,3500 Cargo,Automatic 6,White,3,41860,125580,2014/10/14,
Chevrolet,Van,Express,3500 Cargo,Automatic 6,White,1,41860,41860,2014/10/21,
Chevrolet,Van,Express,3500 Extended Cargo,Automatic 6,Black,1,42745,42745,2014/12/11,
Chevrolet,Van,Express,3500 Extended Cargo,Automatic 6,Black,1,42745,42745,2013/1/15,
Chevrolet,Van,Express,3500 Extended Cargo,Automatic 6,Black,1,42745,42745,2014/12/3,
Chevrolet,Van,Express,3500 Extended Cargo,Automatic 6,Black,1,42745,42745,2014/12/23,
Chevrolet,Van,Express,3500 Extended Cargo,Automatic 6,White,1,42745,42745,2013/1/8,
Chevrolet,Van,Express,3500 Extended Cargo,Automatic 6,White,1,42745,42745,2013/1/2,
Chevrolet,Van,Express,3500 LS Passenger,Automatic 6,Black,1,45070,45070,2013/3/5,
Chevrolet,Van,Express,3500 LS Passenger,Automatic 6,Black,1,45070,45070,2013/3/8,
Chevrolet,Van,Express,3500 LS Passenger,Automatic 6,Black,1,45070,45070,2013/3/14,
Chevrolet,Van,Express,3500 LS Passenger,Automatic 6,Gray,1,45070,45070,2013/3/1,
Chevrolet,Van,Express,3500 LS Passenger,Automatic 6,Gray,1,45070,45070,2013/2/7,
Chevrolet,Van,Express,3500 LS Passenger,Automatic 6,Gray,1,45070,45070,2013/2/21,
Chevrolet,Van,Express,3500 LS Passenger,Automatic 6,White,1,45070,45070,2013/1/24,
Toyota,Car,Yaris,5-door LE,Automatic 4,Red,2,16430,32860,2013/2/25,
Toyota,Car,Yaris,5-door LE,Automatic 4,White,1,16430,16430,2013/1/11,
Toyota,Car,Yaris,5-door LE,Automatic 4,White,1,16430,16430,2013/2/15,
Toyota,Car,Yaris,5-door LE,Automatic 4,White,1,16430,16430,2013/2/21,
Toyota,Car,Yaris,5-door LE,Automatic 4,White,1,16430,16430,2013/2/22,
Toyota,Car,Yaris,5-door LE,Manual 5,Blue,2,16430,32860,2013/4/5,
Toyota,Car,Yaris,5-door LE,Manual 5,Blue,2,16430,32860,2013/4/10,
Toyota,Car,Yaris,5-door LE,Manual 5,Blue,2,16430,32860,2013/4/16,
Toyota,Car,Yaris,5-door LE,Manual 5,Blue,2,16430,32860,2013/4/3,
Toyota,Car,Yaris,5-door LE,Manual 5,Red,2,16430,32860,2013/3/27,
Toyota,Car,Yaris,5-door LE,Manual 5,Red,2,16430,32860,2013/3/22,
Chevrolet,Car,Corvette,Convertible,Automatic 6,Black,1,54600,54600,2014/7/29,
Chevrolet,Car,Corvette,Convertible,Automatic 6,Black,1,54600,54600,2014/8/8,
Chevrolet,Car,Corvette,Convertible,Automatic 6,Black,1,54600,54600,2014/8/12,
Chevrolet,Car,Corvette,Convertible,Automatic 6,Yellow,1,54600,54600,2014/8/13,
Chevrolet,Car,Corvette,Convertible,Manual 6,Orange,1,54600,54600,2014/7/11,
Chevrolet,Car,Corvette,Convertible,Manual 6,Orange,1,54600,54600,2014/7/21,
Chevrolet,Car,Corvette,Convertible,Manual 6,Yellow,1,54600,54600,2014/7/9,
Chevrolet,Car,Corvette,Convertible,Manual 6,Yellow,1,54600,54600,2014/7/23,
Chevrolet,Car,Corvette,Coupe,Automatic 6,Black,1,49600,49600,2014/7/1,
Chevrolet,Car,Corvette,Coupe,Automatic 6,Red,1,49600,49600,2014/6/30,
Chevrolet,Car,Corvette,Coupe,Automatic 6,White,1,49600,49600,2014/7/2,
Chevrolet,Car,Corvette,Coupe,Manual 6,Red,1,49600,49600,2014/5/30,
Chevrolet,Car,Corvette,Coupe,Manual 6,Red,1,49600,49600,2014/6/20,
Chevrolet,Car,Corvette,Coupe,Manual 6,Yellow,1,49600,49600,2014/5/28,
Chevrolet,Car,Corvette,Coupe,Manual 6,Yellow,1,49600,49600,2014/5/8,
Chevrolet,Car,Corvette,Coupe,Manual 6,Yellow,1,49600,49600,2014/5/21,
Ford,Car,Mustang,Coupe,Automatic 6,Black,1,22200,22200,2013/1/25,
Ford,Car,Mustang,Coupe,Automatic 6,Red,1,22200,22200,2014/12/29,
Ford,Car,Mustang,Coupe,Automatic 6,Red,1,22200,22200,2014/12/16,
Ford,Car,Mustang,Coupe,Automatic 6,Red,1,22200,22200,2013/1/17,
Ford,Car,Mustang,Coupe,Automatic 6,Red,1,22200,22200,2013/1/21,
Ford,Car,Mustang,Coupe,Manual 6,Black,1,22200,22200,2014/12/15,
Ford,Car,Mustang,Coupe,Manual 6,Green,1,22200,22200,2014/11/27,
Ford,Car,Mustang,Coupe,Manual 6,Green,1,22200,22200,2014/12/5,
Ford,Car,Mustang,Coupe,Manual 6,Green,1,22200,22200,2014/11/25,
Ford,Car,Mustang,Coupe,Manual 6,Yellow,1,22200,22200,2014/11/20,
Toyota,Truck,Tacoma,Crew,Automatic 5,Black,1,23075,23075,2013/3/19,
Toyota,Truck,Tacoma,Crew,Automatic 5,Black,1,23075,23075,2013/3/21,
Toyota,Truck,Tacoma,Crew,Automatic 5,White,1,23075,23075,2013/3/5,
Toyota,Truck,Tacoma,Crew,Automatic 5,White,1,23075,23075,2013/3/6,
Toyota,Truck,Tacoma,Crew,Automatic 5,White,1,23075,23075,2013/2/25,
Toyota,Truck,Tacoma,Crew,Manual 5,Silver,1,23075,23075,2013/1/10,
Toyota,Truck,Tacoma,Crew,Manual 5,Silver,1,23075,23075,2013/1/17,
Toyota,Truck,Tacoma,Crew,Manual 5,Silver,1,23075,23075,2013/1/21,
Toyota,Truck,Tacoma,Crew,Manual 6,Gray,1,23075,23075,2013/2/6,
Toyota,Truck,Tacoma,Crew,Manual 6,Gray,1,23075,23075,2013/2/12,
Toyota,Truck,Tacoma,Crew,Manual 6,White,1,23075,23075,2013/2/18,
Toyota,Truck,Tacoma,Crew,Manual 6,White,1,23075,23075,2013/1/25,
Chevrolet,Truck,Colorado,Crew Cab,Automatic 4,Blue,1,24285,24285,2014/3/20,
Chevrolet,Truck,Colorado,Crew Cab,Automatic 4,Red,1,24285,24285,2014/1/28,
Chevrolet,Truck,Colorado,Crew Cab,Automatic 4,Red,1,24285,24285,2014/1/27,
Chevrolet,Truck,Colorado,Crew Cab,Automatic 4,Silver,1,24285,24285,2014/3/7,
Chevrolet,Truck,Colorado,Crew Cab,Automatic 4,Silver,1,24285,24285,2013/12/25,
Chevrolet,Truck,Colorado,Crew Cab,Manual 5,Blue,1,24285,24285,2014/1/31,
Chevrolet,Truck,Colorado,Crew Cab,Manual 5,Blue,1,24285,24285,2014/2/10,
Chevrolet,Truck,Colorado,Crew Cab,Manual 5,Silver,1,24285,24285,2014/2/27,
Ford,Truck,F-450,DRW Crew,Automatic 6,Black,2,49395,98790,2014/11/11,
Ford,Truck,F-450,DRW Crew,Automatic 6,Black,2,49395,98790,2014/11/14,
Ford,Truck,F-450,DRW Crew,Automatic 6,Black,2,49395,98790,2014/11/17,
Ford,Truck,F-450,DRW Crew,Automatic 6,Red,2,49395,98790,2014/10/10,
Ford,Truck,F-450,DRW Crew,Automatic 6,Red,2,49395,98790,2014/10/14,
Ford,Truck,F-450,DRW Crew,Automatic 6,Red,2,49395,98790,2014/10/16,
Ford,Truck,F-450,DRW Crew,Automatic 6,White,2,49395,98790,2014/10/28,
Ford,Truck,F-450,DRW Crew,Automatic 6,White,2,49395,98790,2014/11/5,
Ford,Truck,F-450,DRW Crew,Automatic 6,White,2,49395,98790,2014/10/20,
Ford,Truck,F-450,DRW Crew,Automatic 6,White,2,49395,98790,2014/11/3,
Volkswagen,SUV,Touareg,Executive Sport,Automatic 8,Black,1,55675,55675,2013/1/1,
Volkswagen,SUV,Touareg,Executive Sport,Automatic 8,Black,2,55675,111350,2013/1/23,
Volkswagen,SUV,Touareg,Executive Sport,Automatic 8,Blue,1,55675,55675,2014/12/4,
Volkswagen,SUV,Touareg,Executive Sport,Automatic 8,Blue,1,55675,55675,2014/12/10,
Volkswagen,SUV,Touareg,Executive Sport,Automatic 8,Blue,1,55675,55675,2014/12/11,
Volkswagen,SUV,Touareg,Executive Sport,Automatic 8,Blue,1,55675,55675,2014/12/15,
Volkswagen,SUV,Touareg,Executive Sport,Automatic 8,Silver,1,55675,55675,2014/12/19,
Volkswagen,SUV,Touareg,Executive Sport,Automatic 8,Silver,2,55675,111350,2013/1/24,
Volkswagen,SUV,Touareg,Executive Sport,Automatic 8,Silver,2,55675,111350,2013/1/25,
Toyota,Truck,Tacoma,Extended,Automatic 4,White,1,20815,20815,2014/9/11,
Toyota,Truck,Tacoma,Extended,Automatic 4,White,1,20815,20815,2014/9/16,
Toyota,Truck,Tacoma,Extended,Automatic 5,Black,1,20815,20815,2014/10/14,
Toyota,Truck,Tacoma,Extended,Automatic 5,Black,1,20815,20815,2014/10/16,
Toyota,Truck,Tacoma,Extended,Manual 5,Gray,1,20815,20815,2014/10/13,
Toyota,Truck,Tacoma,Extended,Manual 5,White,1,20815,20815,2014/9/30,
Toyota,Truck,Tacoma,Extended,Manual 6,Gray,1,20815,20815,2014/11/4,
Toyota,Truck,Tacoma,Extended,Manual 6,Gray,1,20815,20815,2014/11/6,
Toyota,Truck,Tacoma,Extended,Manual 6,Gray,1,20815,20815,2014/11/11,
Toyota,Truck,Tacoma,Extended,Manual 6,Gray,1,20815,20815,2014/11/14,
Chevrolet,Truck,Colorado,Extended Cab,Automatic 4,Silver,2,22955,45910,2013/11/29,
Chevrolet,Truck,Colorado,Extended Cab,Automatic 4,Silver,2,22955,45910,2013/11/13,
Chevrolet,Truck,Colorado,Extended Cab,Automatic 4,Silver,2,22955,45910,2013/11/26,
Chevrolet,Truck,Colorado,Extended Cab,Manual 5,Blue,2,22955,45910,2013/11/4,
Chevrolet,Truck,Colorado,Extended Cab,Manual 5,Blue,1,22955,22955,2013/11/1,
Chevrolet,Truck,Colorado,Extended Cab,Manual 5,Blue,2,22955,45910,2013/11/8,
Chevrolet,Truck,Colorado,Extended Cab,Manual 5,Red,1,22955,22955,2013/12/5,
Ford,Car,Mustang,GT Convertible,Automatic 6,White,1,35750,35750,2013/11/7,
Ford,Car,Mustang,GT Convertible,Automatic 6,White,1,35750,35750,2013/11/13,
Ford,Car,Mustang,GT Convertible,Automatic 6,White,1,35750,35750,2013/11/1,
Ford,Car,Mustang,GT Convertible,Automatic 6,Yellow,1,35750,35750,2013/10/31,
Ford,Car,Mustang,GT Convertible,Automatic 6,Yellow,2,35750,71500,2013/10/22,
Ford,Car,Mustang,GT Convertible,Automatic 6,Yellow,1,35750,35750,2013/10/24,
Ford,Car,Mustang,GT Convertible,Manual 6,Black,2,35750,71500,2013/9/30,
Ford,Car,Mustang,GT Convertible,Manual 6,Black,2,35750,71500,2013/10/8,
Ford,Car,Mustang,GT Convertible,Manual 6,Black,2,35750,71500,2013/9/25,
Ford,Car,Mustang,GT Convertible,Manual 6,Yellow,2,35750,71500,2013/10/14,
Ford,Car,Mustang,GT Convertible,Manual 6,Yellow,2,35750,71500,2013/10/17,
Ford,Car,Mustang,GT Coupe,Automatic 6,Green,1,30750,30750,2013/5/15,
Ford,Car,Mustang,GT Coupe,Automatic 6,Green,1,30750,30750,2013/5/17,
Ford,Car,Mustang,GT Coupe,Automatic 6,Red,1,30750,30750,2013/5/24,
Ford,Car,Mustang,GT Coupe,Automatic 6,Yellow,1,30750,30750,2013/4/29,
Ford,Car,Mustang,GT Coupe,Automatic 6,Yellow,1,30750,30750,2013/5/14,
Ford,Car,Mustang,GT Coupe,Manual 6,Black,1,30750,30750,2013/6/28,
Ford,Car,Mustang,GT Coupe,Manual 6,Black,1,30750,30750,2013/6/10,
Ford,Car,Mustang,GT Coupe,Manual 6,Black,1,30750,30750,2013/6/18,
Ford,Car,Mustang,GT Coupe,Manual 6,Red,1,30750,30750,2013/5/27,
Ford,Car,Mustang,GT Coupe,Manual 6,Yellow,1,30750,30750,2013/6/5,
Ford,Car,Mustang,GT Premium Coupe,Automatic 6,Black,2,34750,69500,2013/9/5,
Ford,Car,Mustang,GT Premium Coupe,Automatic 6,Black,2,34750,69500,2013/9/12,
Ford,Car,Mustang,GT Premium Coupe,Automatic 6,Black,2,34750,69500,2013/9/24,
Ford,Car,Mustang,GT Premium Coupe,Automatic 6,Red,2,34750,69500,2013/9/4,
Ford,Car,Mustang,GT Premium Coupe,Automatic 6,Red,2,34750,69500,2013/9/2,
Ford,Car,Mustang,GT Premium Coupe,Manual 6,Green,1,34750,34750,2013/7/4,
Ford,Car,Mustang,GT Premium Coupe,Manual 6,Green,1,34750,34750,2013/8/5,
Ford,Car,Mustang,GT Premium Coupe,Manual 6,Green,1,34750,34750,2013/7/16,
Ford,Car,Mustang,GT Premium Coupe,Manual 6,Yellow,1,34750,34750,2013/8/13,
Ford,Car,Mustang,GT Premium Coupe,Manual 6,Yellow,1,34750,34750,2013/8/15,
Ford,Car,Mustang,GT Premium Coupe,Manual 6,Yellow,2,34750,69500,2013/8/16,
Skoda,SUV,Yeti,GreenLine,Automatic 6,Blue,1,22140,22140,2013/5/29,
Skoda,SUV,Yeti,GreenLine,Automatic 6,Blue,1,22140,22140,2013/5/22,
Skoda,SUV,Yeti,GreenLine,Automatic 6,Red,1,22140,22140,2013/7/8,
Skoda,SUV,Yeti,GreenLine,Automatic 6,Red,1,22140,22140,2013/6/17,
Skoda,SUV,Yeti,GreenLine,Manual 6,Blue,1,22140,22140,2013/5/10,
Skoda,SUV,Yeti,GreenLine,Manual 6,Blue,1,22140,22140,2013/5/14,
Skoda,SUV,Yeti,GreenLine,Manual 6,Blue,1,22140,22140,2013/5/16,
Skoda,SUV,Yeti,GreenLine,Manual 6,Blue,1,22140,22140,2013/4/18,
Skoda,SUV,Yeti,GreenLine,Manual 6,Blue,1,22140,22140,2013/5/3,
Volkswagen,SUV,Touareg,Hybrid Sport,Automatic 8,Black,1,62575,62575,2013/7/9,
Volkswagen,SUV,Touareg,Hybrid Sport,Automatic 8,Black,1,62575,62575,2013/7/16,
Volkswagen,SUV,Touareg,Hybrid Sport,Automatic 8,Blue,1,62575,62575,2013/6/27,
Volkswagen,SUV,Touareg,Hybrid Sport,Automatic 8,Blue,3,62575,187725,2013/6/17,
Volkswagen,SUV,Touareg,Hybrid Sport,Automatic 8,Blue,1,62575,62575,2013/6/18,
Volkswagen,SUV,Touareg,Hybrid Sport,Automatic 8,Silver,1,62575,62575,2013/7/8,
Volkswagen,SUV,Touareg,Hybrid Sport,Automatic 8,White,3,62575,187725,2013/6/3,
Volkswagen,SUV,Touareg,Hybrid Sport,Automatic 8,White,3,62575,187725,2013/6/4,
Volkswagen,SUV,Touareg,Hybrid Sport,Automatic 8,White,3,62575,187725,2013/6/7,
Toyota,Car,Corolla,L,Automatic 4,Red,2,16960,33920,2013/10/16,
Toyota,Car,Corolla,L,Automatic 4,White,2,16960,33920,2013/10/28,
Toyota,Car,Corolla,L,Automatic 4,White,2,16960,33920,2013/11/4,
Toyota,Car,Corolla,L,Automatic 4,White,2,16960,33920,2013/10/21,
Toyota,Car,Corolla,L,Automatic 4,White,2,16960,33920,2013/10/22,
Toyota,Car,Corolla,L,Manual 5,Blue,1,16960,16960,2013/10/3,
Toyota,Car,Corolla,L,Manual 5,Blue,1,16960,16960,2013/9/23,
Toyota,Car,Corolla,L,Manual 5,Red,1,16960,16960,2013/10/9,
Toyota,Car,Corolla,L,Manual 5,Red,1,16960,16960,2013/10/14,
Toyota,Car,Corolla,L,Manual 5,Red,2,16960,33920,2013/10/15,
Toyota,Car,Yaris,L,Automatic 4,Blue,1,14840,14840,2013/6/27,
Toyota,Car,Yaris,L,Automatic 4,Blue,1,14840,14840,2013/7/8,
Toyota,Car,Yaris,L,Automatic 4,Blue,1,14840,14840,2013/7/9,
Toyota,Car,Yaris,L,Automatic 4,Blue,1,14840,14840,2013/7/11,
Toyota,Car,Yaris,L,Automatic 4,Blue,1,14840,14840,2013/6/18,
Toyota,Car,Yaris,L,Automatic 4,Red,2,14840,29680,2013/6/6,
Toyota,Car,Yaris,L,Automatic 4,Red,2,14840,29680,2013/6/3,
Toyota,Car,Yaris,L,Manual 5,Red,2,14840,29680,2013/5/31,
Toyota,Car,Yaris,L,Manual 5,Red,1,14840,14840,2013/7/17,
Toyota,Car,Yaris,L,Manual 5,Red,2,14840,29680,2013/5/22,
Toyota,Car,Yaris,L,Manual 5,White,4,14840,59360,2013/5/7,
Toyota,Car,Yaris,L,Manual 5,White,2,14840,29680,2013/5/14,
Toyota,Car,Yaris,L,Manual 5,White,4,14840,59360,2013/4/23,
Toyota,Car,Camry,LE,Automatic 6,Black,1,23220,23220,2013/1/30,
Toyota,Car,Camry,LE,Automatic 6,Black,1,23220,23220,2013/1/31,
Toyota,Car,Camry,LE,Automatic 6,Black,1,23220,23220,2013/1/17,
Toyota,Car,Camry,LE,Automatic 6,Black,1,23220,23220,2013/1/22,
Toyota,Car,Camry,LE,Manual 6,Black,1,23220,23220,2013/1/4,
Toyota,Car,Camry,LE,Manual 6,Black,1,23220,23220,2013/1/16,
Toyota,Car,Camry,LE,Manual 6,Black,1,23220,23220,2014/12/17,
Toyota,Car,Camry,LE,Manual 6,Black,1,23220,23220,2014/12/18,
Toyota,Car,Camry,LE,Manual 6,Black,1,23220,23220,2014/12/22,
Toyota,Car,Camry,LE,Manual 6,Black,1,23220,23220,2014/12/24,
Toyota,Car,Corolla,LE,Automatic 4,Blue,2,17910,35820,2013/11/14,
Toyota,Car,Corolla,LE,Automatic 4,Blue,2,17910,35820,2013/11/15,
Toyota,Car,Corolla,LE,Automatic 4,Blue,2,17910,35820,2013/11/20,
Toyota,Car,Corolla,LE,Automatic 4,Red,2,17910,35820,2013/11/29,
Toyota,Car,Corolla,LE,Automatic 4,Red,2,17910,35820,2013/12/11,
Toyota,Car,Corolla,LE,Automatic 4,Red,2,17910,35820,2013/12/16,
Toyota,Car,Corolla,LE,Automatic 4,White,2,17910,35820,2013/11/28,
Toyota,Car,Corolla,LE,Manual 5,White,2,17910,35820,2013/11/5,
Toyota,Car,Corolla,LE,Manual 5,White,2,17910,35820,2013/11/8,
Toyota,Car,Corolla,LE,Manual 5,White,2,17910,35820,2013/11/11,
Toyota,Van,Sienna,LE 7-Passenger,Automatic 6,Blue,1,31930,31930,2013/6/14,
Toyota,Van,Sienna,LE 7-Passenger,Automatic 6,Blue,1,31930,31930,2013/6/17,
Toyota,Van,Sienna,LE 7-Passenger,Automatic 6,Blue,1,31930,31930,2013/6/18,
Toyota,Van,Sienna,LE 7-Passenger,Automatic 6,Green,1,31930,31930,2013/6/24,
Toyota,Van,Sienna,LE 7-Passenger,Automatic 6,Red,1,31930,31930,2013/7/10,
Toyota,Van,Sienna,LE 7-Passenger,Automatic 6,Red,1,31930,31930,2013/7/2,
Toyota,Van,Sienna,LE 7-Passenger,Automatic 6,Red,1,31930,31930,2013/7/17,
Toyota,Van,Sienna,LE 7-Passenger,Automatic 6,Red,1,31930,31930,2013/7/3,
Toyota,Van,Sienna,LE 7-Passenger,Automatic 6,Silver,1,31930,31930,2013/8/5,
Toyota,Van,Sienna,LE 7-Passenger,Automatic 6,Silver,1,31930,31930,2013/8/14,
Toyota,Van,Sienna,LE 7-Passenger,Automatic 6,Silver,1,31930,31930,2013/8/20,
Toyota,Van,Sienna,LE 8-Passenger,Automatic 6,Blue,1,26145,26145,2013/6/4,
Toyota,Van,Sienna,LE 8-Passenger,Automatic 6,Blue,1,26145,26145,2013/6/5,
Toyota,Van,Sienna,LE 8-Passenger,Automatic 6,Blue,1,26145,26145,2013/6/3,
Toyota,Van,Sienna,LE 8-Passenger,Automatic 6,Green,1,26145,26145,2013/5/28,
Toyota,Van,Sienna,LE 8-Passenger,Automatic 6,Green,1,26145,26145,2013/5/1,
Toyota,Van,Sienna,LE 8-Passenger,Automatic 6,Green,1,26145,26145,2013/5/9,
Toyota,Van,Sienna,LE 8-Passenger,Automatic 6,Silver,1,26145,26145,2013/4/9,
Toyota,Van,Sienna,LE 8-Passenger,Automatic 6,Silver,1,26145,26145,2013/4/2,
Toyota,Van,Sienna,LE 8-Passenger,Automatic 6,Silver,1,26145,26145,2013/4/15,
Toyota,Van,Sienna,LE 8-Passenger,Automatic 6,Silver,1,26145,26145,2013/4/26,
Chevrolet,SUV,Equinox,LS,Automatic 6,White,1,23530,23530,2014/12/30,
Chevrolet,SUV,Equinox,LS,Automatic 6,White,1,23530,23530,2013/1/8,
Chevrolet,SUV,Equinox,LS,Automatic 6,White,1,23530,23530,2013/1/14,
Chevrolet,SUV,Equinox,LS,Automatic 6,White,1,23530,23530,2013/1/15,
Chevrolet,SUV,Equinox,LS,Automatic 6,Black,3,23530,70590,2014/12/10,
Chevrolet,SUV,Equinox,LS,Automatic 6,Black,3,23530,70590,2014/12/11,
Chevrolet,SUV,Equinox,LS,Automatic 6,Black,3,23530,70590,2014/12/15,
Chevrolet,SUV,Traverse,LS,Automatic 6,Black,1,29590,29590,2013/7/26,
Chevrolet,SUV,Traverse,LS,Automatic 6,Silver,1,29590,29590,2013/7/16,
Chevrolet,SUV,Traverse,LS,Automatic 6,Silver,1,29590,29590,2013/6/26,
Chevrolet,SUV,Traverse,LS,Automatic 6,Silver,1,29590,29590,2013/6/27,
Chevrolet,SUV,Traverse,LS,Automatic 6,White,1,29590,29590,2013/7/18,
Chevrolet,SUV,Traverse,LS,Automatic 6,White,1,29590,29590,2013/7/19,
Chevrolet,SUV,Traverse,LS,Automatic 6,White,1,29590,29590,2013/7/22,
Chevrolet,SUV,Traverse,LS,Automatic 6,Black,1,29590,29590,2013/7/29,
Chevrolet,SUV,Traverse,LS,Automatic 6,Black,1,29590,29590,2013/7/23,
Chevrolet,Truck,Avalanche,LS Crew Cab,Automatic 6,Gray,1,36800,36800,2013/4/29,
Chevrolet,Truck,Avalanche,LS Crew Cab,Automatic 6,Gray,1,36800,36800,2013/4/11,
Chevrolet,Truck,Avalanche,LS Crew Cab,Automatic 6,Gray,1,36800,36800,2013/4/18,
Chevrolet,Truck,Avalanche,LS Crew Cab,Automatic 6,Red,1,36800,36800,2013/5/31,
Chevrolet,Truck,Avalanche,LS Crew Cab,Automatic 6,Red,1,36800,36800,2013/5/14,
Chevrolet,Truck,Avalanche,LS Crew Cab,Automatic 6,White,1,36800,36800,2013/4/2,
Chevrolet,Truck,Avalanche,LS Crew Cab,Automatic 6,White,1,36800,36800,2013/3/15,
Chevrolet,Truck,Avalanche,LS Crew Cab,Automatic 6,White,1,36800,36800,2013/3/18,
Chevrolet,Truck,Avalanche,LS Crew Cab,Automatic 6,White,1,36800,36800,2013/3/19,
Chevrolet,SUV,Equinox,LT,Automatic 6,Black,1,25050,25050,2013/2/7,
Chevrolet,SUV,Equinox,LT,Automatic 6,Black,1,25050,25050,2013/2/8,
Chevrolet,SUV,Equinox,LT,Automatic 6,Black,1,25050,25050,2013/2/1,
Chevrolet,SUV,Equinox,LT,Automatic 6,Black,1,25050,25050,2013/4/10,
Chevrolet,SUV,Equinox,LT,Automatic 6,Black,1,25050,25050,2013/1/24,
Chevrolet,SUV,Equinox,LT,Automatic 6,White,1,25050,25050,2013/2/11,
Chevrolet,SUV,Equinox,LT,Automatic 6,White,1,25050,25050,2013/3/12,
Chevrolet,SUV,Equinox,LT,Automatic 6,White,1,25050,25050,2013/2/26,
Chevrolet,SUV,Equinox,LT,Automatic 6,White,1,25050,25050,2013/2/27,
Chevrolet,SUV,Traverse,LT,Automatic 6,Silver,1,32610,32610,2013/8/28,
Chevrolet,SUV,Traverse,LT,Automatic 6,Silver,1,32610,32610,2013/8/30,
Chevrolet,SUV,Traverse,LT,Automatic 6,Silver,1,32610,32610,2013/8/19,
Chevrolet,SUV,Traverse,LT,Automatic 6,Silver,1,32610,32610,2013/8/22,
Chevrolet,SUV,Traverse,LT,Automatic 6,White,1,32610,32610,2013/8/5,
Chevrolet,SUV,Traverse,LT,Automatic 6,White,1,32610,32610,2013/8/7,
Chevrolet,SUV,Traverse,LT,Automatic 6,White,1,32610,32610,2013/8/1,
Chevrolet,SUV,Traverse,LT,Automatic 6,White,1,32610,32610,2013/8/15,
Chevrolet,Truck,Avalanche,LT Crew Cab,Automatic 6,Gray,2,40195,80390,2013/7/8,
Chevrolet,Truck,Avalanche,LT Crew Cab,Automatic 6,Gray,2,40195,80390,2013/6/13,
Chevrolet,Truck,Avalanche,LT Crew Cab,Automatic 6,Gray,2,40195,80390,2013/6/20,
Chevrolet,Truck,Avalanche,LT Crew Cab,Automatic 6,White,1,40195,40195,2013/6/7,
Chevrolet,Truck,Avalanche,LT Crew Cab,Automatic 6,White,1,40195,40195,2013/7/18,
Chevrolet,Truck,Avalanche,LT Crew Cab,Automatic 6,White,1,40195,40195,2013/7/23,
Chevrolet,Truck,Avalanche,LT Crew Cab,Automatic 6,White,1,40195,40195,2013/7/24,
Chevrolet,SUV,Equinox,LTZ,Automatic 6,Black,2,29220,58440,2013/6/4,
Chevrolet,SUV,Equinox,LTZ,Automatic 6,Black,2,29220,58440,2013/6/14,
Chevrolet,SUV,Equinox,LTZ,Automatic 6,Black,2,29220,58440,2013/6/19,
Chevrolet,SUV,Equinox,LTZ,Automatic 6,Black,2,29220,58440,2013/6/21,
Chevrolet,SUV,Equinox,LTZ,Automatic 6,White,2,29220,58440,2013/5/13,
Chevrolet,SUV,Equinox,LTZ,Automatic 6,White,2,29220,58440,2013/5/1,
Chevrolet,SUV,Equinox,LTZ,Automatic 6,White,1,29220,29220,2013/4/17,
Chevrolet,SUV,Equinox,LTZ,Automatic 6,White,1,29220,29220,2013/4/25,
Chevrolet,SUV,Traverse,LTZ,Automatic 6,Black,1,38885,38885,2013/10/15,
Chevrolet,SUV,Traverse,LTZ,Automatic 6,Black,1,38885,38885,2013/10/17,
Chevrolet,SUV,Traverse,LTZ,Automatic 6,Black,2,38885,77770,2013/10/18,
Chevrolet,SUV,Traverse,LTZ,Automatic 6,Black,2,38885,77770,2013/10/21,
Chevrolet,SUV,Traverse,LTZ,Automatic 6,Silver,1,38885,38885,2013/10/4,
Chevrolet,SUV,Traverse,LTZ,Automatic 6,Silver,1,38885,38885,2013/9/6,
Chevrolet,SUV,Traverse,LTZ,Automatic 6,Silver,1,38885,38885,2013/9/12,
Chevrolet,SUV,Traverse,LTZ,Automatic 6,Silver,1,38885,38885,2013/9/23,
Chevrolet,SUV,Traverse,LTZ,Automatic 6,White,2,38885,77770,2013/11/1,
Chevrolet,Truck,Avalanche,LTZ Crew Cab,Automatic 6,Gray,1,47000,47000,2013/8/6,
Chevrolet,Truck,Avalanche,LTZ Crew Cab,Automatic 6,Gray,1,47000,47000,2013/8/2,
Chevrolet,Truck,Avalanche,LTZ Crew Cab,Automatic 6,Gray,1,47000,47000,2013/8/16,
Chevrolet,Truck,Avalanche,LTZ Crew Cab,Automatic 6,White,3,47000,141000,2013/8/28,
Chevrolet,Truck,Avalanche,LTZ Crew Cab,Automatic 6,White,3,47000,141000,2013/8/29,
Chevrolet,Truck,Avalanche,LTZ Crew Cab,Automatic 6,White,1,47000,47000,2013/8/30,
Chevrolet,Truck,Avalanche,LTZ Crew Cab,Automatic 6,White,3,47000,141000,2013/8/22,
Chevrolet,Truck,Avalanche,LTZ Crew Cab,Automatic 6,White,3,47000,141000,2013/8/26,
Volkswagen,SUV,Touareg,LUX Sport,Automatic 8,Black,1,49950,49950,2014/10/2,
Volkswagen,SUV,Touareg,LUX Sport,Automatic 8,Black,1,49950,49950,2014/9/25,
Volkswagen,SUV,Touareg,LUX Sport,Automatic 8,Blue,1,49950,49950,2014/8/29,
Volkswagen,SUV,Touareg,LUX Sport,Automatic 8,Blue,1,49950,49950,2014/8/11,
Volkswagen,SUV,Touareg,LUX Sport,Automatic 8,Blue,1,49950,49950,2014/9/2,
Volkswagen,SUV,Touareg,LUX Sport,Automatic 8,Blue,1,49950,49950,2014/8/26,
Volkswagen,SUV,Touareg,LUX Sport,Automatic 8,Silver,1,49950,49950,2014/9/3,
Volkswagen,SUV,Touareg,LUX Sport,Automatic 8,Silver,1,49950,49950,2014/9/10,
Volkswagen,SUV,Touareg,LUX Sport,Automatic 8,Silver,1,49950,49950,2014/9/16,
Volkswagen,SUV,Touareg,LUX Sport,Automatic 8,White,1,49950,49950,2014/10/9,
Volkswagen,SUV,Touareg,LUX Sport,Automatic 8,White,1,49950,49950,2014/10/13,
Volkswagen,SUV,Touareg,LUX Sport,Automatic 8,White,1,49950,49950,2014/10/15,
Ford,SUV,Explorer,Limited,Automatic 6,Blue,2,38100,76200,2013/8/5,
Ford,SUV,Explorer,Limited,Automatic 6,Blue,1,38100,38100,2013/8/2,
Ford,SUV,Explorer,Limited,Automatic 6,Blue,2,38100,76200,2013/8/16,
Ford,SUV,Explorer,Limited,Automatic 6,Blue,1,38100,38100,2013/7/24,
Ford,SUV,Explorer,Limited,Automatic 6,Green,1,38100,38100,2013/7/9,
Ford,SUV,Explorer,Limited,Automatic 6,Green,2,38100,76200,2013/9/11,
Ford,SUV,Explorer,Limited,Automatic 6,Green,2,38100,76200,2013/9/20,
Ford,SUV,Explorer,Limited,Automatic 6,Green,2,38100,76200,2013/8/23,
Ford,SUV,Explorer,Limited,Automatic 6,Green,2,38100,76200,2013/9/24,
Ford,SUV,Explorer,Limited,Automatic 6,Red,3,38100,114300,2013/7/17,
Ford,SUV,Explorer,Limited,Automatic 6,Red,3,38100,114300,2013/7/23,
Subaru,Car,BRZ,Limited,Automatic 6,Blue,1,27495,27495,2013/5/31,
Subaru,Car,BRZ,Limited,Automatic 6,Silver,1,27495,27495,2013/5/14,
Subaru,Car,BRZ,Limited,Automatic 6,Silver,1,27495,27495,2013/5/15,
Subaru,Car,BRZ,Limited,Automatic 6,Silver,1,27495,27495,2013/4/18,
Subaru,Car,BRZ,Limited,Automatic 6,Silver,1,27495,27495,2013/4/23,
Subaru,Car,BRZ,Limited,Manual 6,Blue,1,27495,27495,2013/4/10,
Subaru,Car,BRZ,Limited,Manual 6,Blue,1,27495,27495,2013/4/12,
Subaru,Car,BRZ,Limited,Manual 6,Silver,1,27495,27495,2013/4/15,
Toyota,SUV,Highlander,Limited,Automatic 5,Blue,1,35745,35745,2014/4/8,
Toyota,SUV,Highlander,Limited,Automatic 5,Blue,1,35745,35745,2014/4/22,
Toyota,SUV,Highlander,Limited,Automatic 6,Black,1,35745,35745,2014/5/13,
Toyota,SUV,Highlander,Limited,Automatic 6,Black,1,35745,35745,2014/7/16,
Toyota,SUV,Highlander,Limited,Automatic 6,Black,1,35745,35745,2014/7/25,
Toyota,SUV,Highlander,Limited,Automatic 6,Blue,1,35745,35745,2014/4/29,
Toyota,SUV,Highlander,Limited,Automatic 6,Blue,1,35745,35745,2014/5/7,
Toyota,SUV,Highlander,Limited,Automatic 6,Red,1,35745,35745,2014/5/29,
Toyota,SUV,Highlander,Limited,Automatic 6,Red,1,35745,35745,2014/6/9,
Toyota,SUV,Highlander,Limited,Automatic 6,Red,1,35745,35745,2014/7/3,
Toyota,SUV,Highlander,Limited,Automatic 6,Red,1,35745,35745,2014/5/26,
Toyota,SUV,Sequoia,Limited,Automatic 6,Gray,1,51040,51040,2014/10/31,
Toyota,SUV,Sequoia,Limited,Automatic 6,Gray,1,51040,51040,2014/10/22,
Toyota,SUV,Sequoia,Limited,Automatic 6,Gray,1,51040,51040,2014/10/23,
Toyota,SUV,Sequoia,Limited,Automatic 6,Silver,1,51040,51040,2014/10/8,
Toyota,SUV,Sequoia,Limited,Automatic 6,Silver,1,51040,51040,2014/10/17,
Toyota,SUV,Sequoia,Limited,Automatic 6,Silver,1,51040,51040,2014/10/3,
Toyota,SUV,Sequoia,Limited,Automatic 6,White,1,51040,51040,2014/11/6,
Toyota,SUV,Sequoia,Limited,Automatic 6,White,1,51040,51040,2014/11/7,
Toyota,SUV,Sequoia,Limited,Automatic 6,White,1,51040,51040,2014/11/17,
Toyota,SUV,Sequoia,Limited,Automatic 6,White,2,51040,102080,2014/11/19,
Toyota,SUV,Sequoia,Limited,Automatic 6,White,2,51040,102080,2014/11/20,
Toyota,SUV,Sequoia,Limited,Automatic 6,White,1,51040,51040,2014/11/3,
Toyota,Van,Sienna,Limited 7-Passenger,Automatic 6,Gray,3,39300,117900,2014/5/27,
Toyota,Van,Sienna,Limited 7-Passenger,Automatic 6,Gray,3,39300,117900,2014/6/5,
Toyota,Van,Sienna,Limited 7-Passenger,Automatic 6,Gray,3,39300,117900,2014/6/12,
Toyota,Van,Sienna,Limited 7-Passenger,Automatic 6,Silver,2,39300,78600,2014/5/15,
Toyota,Van,Sienna,Limited 7-Passenger,Automatic 6,Silver,2,39300,78600,2014/5/16,
Toyota,Van,Sienna,Limited 7-Passenger,Automatic 6,Silver,3,39300,117900,2014/5/21,
Toyota,Van,Sienna,Limited 7-Passenger,Automatic 6,Silver,3,39300,117900,2014/5/23,
Toyota,Van,Sienna,Limited 7-Passenger,Automatic 6,White,2,39300,78600,2014/6/19,
Toyota,Van,Sienna,Limited 7-Passenger,Automatic 6,White,2,39300,78600,2014/6/20,
Toyota,Truck,Tundra,Limited Crew,Automatic 5,Green,1,40535,40535,2014/1/31,
Toyota,Truck,Tundra,Limited Crew,Automatic 5,Green,1,40535,40535,2014/2/11,
Toyota,Truck,Tundra,Limited Crew,Automatic 5,Green,1,40535,40535,2014/2/18,
Toyota,Truck,Tundra,Limited Crew,Automatic 6,Blue,1,40535,40535,2014/3/6,
Toyota,Truck,Tundra,Limited Crew,Automatic 6,Blue,1,40535,40535,2014/3/7,
Toyota,Truck,Tundra,Limited Crew,Automatic 6,Blue,1,40535,40535,2014/2/20,
Toyota,Truck,Tundra,Limited Crew,Automatic 6,White,1,40535,40535,2014/3/20,
Toyota,Truck,Tundra,Limited Crew,Automatic 6,White,1,40535,40535,2014/4/3,
Ford,Truck,F-250,Long Bed Extended,Automatic 6,Black,2,31385,62770,2014/9/10,
Ford,Truck,F-250,Long Bed Extended,Automatic 6,Black,2,31385,62770,2014/9/11,
Ford,Truck,F-250,Long Bed Extended,Automatic 6,Black,2,31385,62770,2014/9/17,
Ford,Truck,F-250,Long Bed Extended,Automatic 6,Black,1,31385,31385,2014/8/20,
Ford,Truck,F-250,Long Bed Extended,Automatic 6,Red,1,31385,31385,2014/7/31,
Ford,Truck,F-250,Long Bed Extended,Automatic 6,Red,2,31385,62770,2014/10/9,
Ford,Truck,F-250,Long Bed Extended,Automatic 6,Red,1,31385,31385,2014/8/19,
Ford,Truck,F-250,Long Bed Extended,Automatic 6,White,1,31385,31385,2014/8/4,
Ford,Truck,F-250,Long Bed Extended,Automatic 6,White,1,31385,31385,2014/8/13,
Toyota,Truck,Tundra,Long Bed Extended,Automatic 5,White,1,29745,29745,2013/12/13,
Toyota,Truck,Tundra,Long Bed Extended,Automatic 5,White,1,29745,29745,2013/12/2,
Toyota,Truck,Tundra,Long Bed Extended,Automatic 5,White,1,29745,29745,2013/12/16,
Toyota,Truck,Tundra,Long Bed Extended,Automatic 6,Blue,1,29745,29745,2014/1/22,
Toyota,Truck,Tundra,Long Bed Extended,Automatic 6,Blue,1,29745,29745,2013/12/26,
Toyota,Truck,Tundra,Long Bed Extended,Automatic 6,Green,1,29745,29745,2014/1/28,
Toyota,Truck,Tundra,Long Bed Extended,Automatic 6,Green,1,29745,29745,2013/12/25,
Toyota,Truck,Tundra,Long Bed Regular,Automatic 5,Blue,2,25485,50970,2013/9/4,
Toyota,Truck,Tundra,Long Bed Regular,Automatic 5,Gray,2,25485,50970,2013/8/19,
Toyota,Truck,Tundra,Long Bed Regular,Automatic 5,Red,2,25485,50970,2013/9/2,
Toyota,Truck,Tundra,Long Bed Regular,Automatic 5,Red,2,25485,50970,2013/8/23,
Toyota,Truck,Tundra,Long Bed Regular,Automatic 6,Blue,2,25485,50970,2013/9/5,
Toyota,Truck,Tundra,Long Bed Regular,Automatic 6,Gray,2,25485,50970,2013/9/19,
Toyota,Truck,Tundra,Long Bed Regular,Automatic 6,Gray,2,25485,50970,2013/9/20,
Toyota,SUV,Sequoia,Platinum,Automatic 6,Gray,2,58580,117160,2014/12/4,
Toyota,SUV,Sequoia,Platinum,Automatic 6,Gray,2,58580,117160,2014/12/1,
Toyota,SUV,Sequoia,Platinum,Automatic 6,Gray,2,58580,117160,2014/11/21,
Toyota,SUV,Sequoia,Platinum,Automatic 6,Silver,2,58580,117160,2014/12/8,
Toyota,SUV,Sequoia,Platinum,Automatic 6,Silver,2,58580,117160,2014/12/18,
Toyota,SUV,Sequoia,Platinum,Automatic 6,White,2,58580,117160,2014/12/29,
Toyota,SUV,Sequoia,Platinum,Automatic 6,White,2,58580,117160,2013/1/30,
Toyota,SUV,Sequoia,Platinum,Automatic 6,White,2,58580,117160,2013/1/10,
Toyota,SUV,Sequoia,Platinum,Automatic 6,White,2,58580,117160,2013/1/25,
Toyota,SUV,Sequoia,Platinum,Automatic 6,White,2,58580,117160,2014/12/26,
Subaru,Car,BRZ,Premium,Automatic 6,Blue,1,25495,25495,2013/3/14,
Subaru,Car,BRZ,Premium,Automatic 6,Blue,1,25495,25495,2013/3/20,
Subaru,Car,BRZ,Premium,Automatic 6,Blue,1,25495,25495,2013/3/26,
Subaru,Car,BRZ,Premium,Automatic 6,Silver,1,25495,25495,2013/4/4,
Subaru,Car,BRZ,Premium,Manual 6,Blue,1,25495,25495,2013/3/7,
Subaru,Car,BRZ,Premium,Manual 6,Blue,1,25495,25495,2013/3/11,
Subaru,Car,BRZ,Premium,Manual 6,Silver,1,25495,25495,2013/2/5,
Subaru,Car,BRZ,Premium,Manual 6,Silver,1,25495,25495,2013/3/5,
Subaru,Car,BRZ,Premium,Manual 6,Silver,1,25495,25495,2013/2/14,
Ford,Car,Mustang,Premium Coupe,Automatic 6,Green,1,26200,26200,2013/3/29,
Ford,Car,Mustang,Premium Coupe,Automatic 6,Green,1,26200,26200,2013/3/4,
Ford,Car,Mustang,Premium Coupe,Automatic 6,Green,1,26200,26200,2013/3/12,
Ford,Car,Mustang,Premium Coupe,Automatic 6,Green,1,26200,26200,2013/4/2,
Ford,Car,Mustang,Premium Coupe,Automatic 6,Green,1,26200,26200,2013/4/17,
Ford,Car,Mustang,Premium Coupe,Automatic 6,Green,1,26200,26200,2013/3/22,
Ford,Car,Mustang,Premium Coupe,Automatic 6,Yellow,1,26200,26200,2013/3/1,
Ford,Car,Mustang,Premium Coupe,Manual 6,Red,1,26200,26200,2013/2/8,
Ford,Car,Mustang,Premium Coupe,Manual 6,Red,1,26200,26200,2013/2/20,
Ford,Car,Mustang,Premium Coupe,Manual 6,Yellow,1,26200,26200,2013/2/27,
Ford,Car,Mustang,Premium Coupe,Manual 6,Yellow,1,26200,26200,2013/2/22,
Toyota,Truck,Tacoma,Prerunner Extended,Automatic 5,Black,1,21575,21575,2013/1/1,
Toyota,Truck,Tacoma,Prerunner Extended,Automatic 5,Silver,1,21575,21575,2013/1/4,
Toyota,Truck,Tacoma,Prerunner Extended,Manual 5,Black,1,21575,21575,2014/12/30,
Toyota,Truck,Tacoma,Prerunner Extended,Manual 5,Gray,1,21575,21575,2014/12/1,
Toyota,Truck,Tacoma,Prerunner Extended,Manual 5,Silver,1,21575,21575,2013/1/8,
Toyota,Truck,Tacoma,Prerunner Extended,Manual 5,Silver,1,21575,21575,2014/11/20,
Toyota,Truck,Tacoma,Prerunner Extended,Manual 5,Silver,1,21575,21575,2014/11/24,
Toyota,Truck,Tacoma,Prerunner Extended,Manual 5,Silver,1,21575,21575,2014/12/26,
Toyota,Truck,Tacoma,Prerunner Extended,Manual 6,Gray,1,21575,21575,2014/12/5,
Toyota,Truck,Tacoma,Prerunner Extended,Manual 6,Silver,1,21575,21575,2014/12/12,
Volkswagen,Car,Golf,R,Automatic 6,Black,1,34195,34195,2014/6/30,
Volkswagen,Car,Golf,R,Automatic 6,Black,1,34195,34195,2014/7/1,
Volkswagen,Car,Golf,R,Automatic 6,Black,1,34195,34195,2014/7/10,
Volkswagen,Car,Golf,R,Automatic 6,Black,1,34195,34195,2014/7/11,
Volkswagen,Car,Golf,R,Automatic 6,Blue,1,34195,34195,2014/6/27,
Volkswagen,Car,Golf,R,Automatic 6,Blue,1,34195,34195,2014/6/12,
Volkswagen,Car,Golf,R,Manual 6,Blue,1,34195,34195,2014/6/4,
Volkswagen,Car,Golf,R,Manual 6,Blue,1,34195,34195,2014/5/14,
Volkswagen,Car,Golf,R,Manual 6,Blue,1,34195,34195,2014/5/21,
Toyota,SUV,RAV4,RAV4,Automatic 5,Blue,1,22650,22650,2013/4/9,
Toyota,SUV,RAV4,RAV4,Automatic 5,Blue,1,22650,22650,2013/4/12,
Toyota,SUV,RAV4,RAV4,Automatic 5,Blue,1,22650,22650,2013/4/18,
Toyota,SUV,RAV4,RAV4,Automatic 5,Blue,2,22650,45300,2013/4/22,
Toyota,SUV,RAV4,RAV4,Automatic 5,Blue,2,22650,45300,2013/4/25,
Toyota,SUV,RAV4,RAV4,Automatic 5,Red,1,22650,22650,2013/3/15,
Toyota,SUV,RAV4,RAV4,Manual 5,Green,1,22650,22650,2013/3/4,
Toyota,SUV,RAV4,RAV4,Manual 5,Green,1,22650,22650,2013/2/5,
Toyota,SUV,RAV4,RAV4,Manual 5,Green,1,22650,22650,2013/3/1,
Toyota,SUV,RAV4,RAV4,Manual 5,Green,1,22650,22650,2013/2/14,
Toyota,SUV,RAV4,RAV4,Manual 5,Red,1,22650,22650,2013/3/5,
Toyota,SUV,RAV4,RAV4,Manual 5,Red,1,22650,22650,2013/3/11,
Toyota,Truck,Tacoma,Regular,Automatic 4,Silver,2,17525,35050,2014/6/27,
Toyota,Truck,Tacoma,Regular,Automatic 4,Silver,2,17525,35050,2014/7/28,
Toyota,Truck,Tacoma,Regular,Automatic 4,Silver,2,17525,35050,2014/7/11,
Toyota,Truck,Tacoma,Regular,Automatic 4,Silver,2,17525,35050,2014/7/22,
Toyota,Truck,Tacoma,Regular,Automatic 4,White,2,17525,35050,2014/6/24,
Toyota,Truck,Tacoma,Regular,Automatic 5,Black,2,17525,35050,2014/8/26,
Toyota,Truck,Tacoma,Regular,Manual 5,White,2,17525,35050,2014/7/29,
Toyota,Truck,Tacoma,Regular,Manual 5,White,2,17525,35050,2014/8/15,
Toyota,Truck,Tacoma,Regular,Manual 5,White,2,17525,35050,2014/8/18,
Toyota,Truck,Tacoma,Regular,Manual 6,White,1,17525,17525,2014/9/2,
Chevrolet,Truck,Colorado,Regular Cab,Automatic 4,Red,1,20370,20370,2013/10/4,
Chevrolet,Truck,Colorado,Regular Cab,Automatic 4,Red,1,20370,20370,2013/9/27,
Chevrolet,Truck,Colorado,Regular Cab,Automatic 4,Silver,1,20370,20370,2013/10/17,
Chevrolet,Truck,Colorado,Regular Cab,Automatic 4,Silver,1,20370,20370,2013/10/24,
Chevrolet,Truck,Colorado,Regular Cab,Manual 5,Blue,1,20370,20370,2013/9/10,
Chevrolet,Truck,Colorado,Regular Cab,Manual 5,Red,1,20370,20370,2013/9/20,
Chevrolet,Truck,Colorado,Regular Cab,Manual 5,Silver,1,20370,20370,2013/10/31,
Toyota,Car,Corolla,S,Automatic 4,Red,1,18820,18820,2014/1/27,
Toyota,Car,Corolla,S,Automatic 4,Red,1,18820,18820,2014/2/3,
Toyota,Car,Corolla,S,Automatic 4,White,1,18820,18820,2014/2/5,
Toyota,Car,Corolla,S,Automatic 4,White,1,18820,18820,2014/3/10,
Toyota,Car,Corolla,S,Automatic 4,White,1,18820,18820,2014/3/24,
Toyota,Car,Corolla,S,Manual 5,Blue,2,18820,37640,2013/12/18,
Toyota,Car,Corolla,S,Manual 5,Blue,2,18820,37640,2013/12/26,
Toyota,Car,Corolla,S,Manual 5,Red,2,18820,37640,2014/1/6,
Toyota,Car,Corolla,S,Manual 5,Red,2,18820,37640,2014/1/9,
Toyota,Car,Corolla,S,Manual 5,Red,1,18820,18820,2014/1/20,
Volkswagen,Car,Passat,S,Manual 5,Blue,2,20845,41690,2014/8/14,
Volkswagen,Car,Passat,S,Manual 5,Silver,1,20845,20845,2014/7/18,
Volkswagen,Car,Passat,S,Manual 5,Silver,2,20845,41690,2014/7/21,
Volkswagen,Car,Passat,S,Manual 6,Black,2,20845,41690,2014/8/4,
Volkswagen,Car,Passat,S,Manual 6,Black,2,20845,41690,2014/7/24,
Volkswagen,Car,Passat,S,Manual 6,Black,2,20845,41690,2014/7/25,
Volkswagen,Car,Passat,S,Manual 6,Blue,2,20845,41690,2014/8/13,
Volkswagen,Car,Passat,S,Automatic 6,Blue,2,20845,41690,2014/8/27,
Volkswagen,Car,Passat,S,Automatic 6,Silver,2,20845,41690,2014/9/9,
Volkswagen,Van,Routan,S,Automatic 6,White,1,27020,27020,2013/8/8,
Volkswagen,Van,Routan,S,Automatic 6,White,1,27020,27020,2013/8/20,
Volkswagen,Van,Routan,S,Automatic 6,White,1,27020,27020,2013/8/21,
Volkswagen,Van,Routan,S,Automatic 6,Blue,1,27020,27020,2013/7/29,
Volkswagen,Van,Routan,S,Automatic 6,Blue,1,27020,27020,2013/7/30,
Volkswagen,Van,Routan,S,Automatic 6,Blue,1,27020,27020,2013/7/18,
Volkswagen,Van,Routan,S,Automatic 6,Blue,1,27020,27020,2013/7/25,
Volkswagen,Van,Routan,S,Automatic 6,Red,1,27020,27020,2013/9/4,
Volkswagen,Van,Routan,S,Automatic 6,Red,1,27020,27020,2013/9/2,
Volkswagen,Van,Routan,S,Automatic 6,White,1,27020,27020,2013/8/30,
Volkswagen,SUV,Tiguan,S,Automatic 6,White,1,22995,22995,2013/11/18,
Volkswagen,SUV,Tiguan,S,Manual 6,Black,2,22995,45990,2013/9/30,
Volkswagen,SUV,Tiguan,S,Manual 6,White,2,22995,45990,2013/9/5,
Volkswagen,SUV,Tiguan,S,Manual 6,White,2,22995,45990,2013/9/12,
Volkswagen,SUV,Tiguan,S,Manual 6,White,2,22995,45990,2013/9/25,
Volkswagen,SUV,Tiguan,S,Automatic 6,Black,2,22995,45990,2013/10/9,
Volkswagen,SUV,Tiguan,S,Automatic 6,Black,1,22995,22995,2013/10/11,
Volkswagen,SUV,Tiguan,S,Automatic 6,Blue,1,22995,22995,2013/11/7,
Volkswagen,SUV,Tiguan,S,Automatic 6,Blue,1,22995,22995,2013/11/14,
Volkswagen,SUV,Tiguan,S,Automatic 6,Blue,1,22995,22995,2013/10/24,
Ford,Car,Fusion,S Sedan,Automatic 6,Red,1,21700,21700,2013/12/12,
Ford,Car,Fusion,S Sedan,Automatic 6,Red,1,21700,21700,2014/1/24,
Ford,Car,Fusion,S Sedan,Automatic 6,Silver,1,21700,21700,2013/12/11,
Ford,Car,Fusion,S Sedan,Automatic 6,White,1,21700,21700,2013/12/13,
Ford,Car,Fusion,S Sedan,Automatic 6,White,1,21700,21700,2013/12/16,
Ford,Car,Fusion,S Sedan,Automatic 6,White,1,21700,21700,2013/12/20,
Ford,Car,Fusion,S Sedan,Automatic 6,White,1,21700,21700,2014/1/23,
Ford,Car,Fusion,S Sedan,Manual 6,Red,1,21700,21700,2013/11/21,
Ford,Car,Fusion,S Sedan,Manual 6,Red,1,21700,21700,2013/11/22,
Ford,Car,Fusion,S Sedan,Manual 6,Silver,1,21700,21700,2013/12/2,
Ford,Car,Fusion,S Sedan,Manual 6,Silver,1,21700,21700,2013/11/25,
Ford,SUV,Edge,SE,Automatic 6,Blue,2,27555,55110,2014/8/28,
Ford,SUV,Edge,SE,Automatic 6,Red,1,27555,27555,2014/10/7,
Ford,SUV,Edge,SE,Automatic 6,Red,2,27555,55110,2014/9/2,
Ford,SUV,Edge,SE,Automatic 6,Red,2,27555,55110,2014/9/17,
Ford,SUV,Edge,SE,Automatic 6,Red,2,27555,55110,2014/9/23,
Ford,SUV,Edge,SE,Automatic 6,Silver,1,27555,27555,2014/10/29,
Ford,SUV,Edge,SE,Automatic 6,Silver,1,27555,27555,2014/11/7,
Ford,SUV,Edge,SE,Automatic 6,Silver,1,27555,27555,2014/10/20,
Ford,SUV,Edge,SE,Automatic 6,Silver,1,27555,27555,2014/10/22,
Ford,Car,Taurus,SE,Automatic 5,Blue,1,26700,26700,2014/6/5,
Ford,Car,Taurus,SE,Automatic 5,Blue,1,26700,26700,2014/6/16,
Ford,Car,Taurus,SE,Automatic 5,Red,2,26700,53400,2014/6/30,
Ford,Car,Taurus,SE,Automatic 5,Red,2,26700,53400,2014/7/3,
Ford,Car,Taurus,SE,Automatic 5,Red,2,26700,53400,2014/7/1,
Ford,Car,Taurus,SE,Manual 5,Blue,1,26700,26700,2014/5/20,
Ford,Car,Taurus,SE,Manual 5,Blue,1,26700,26700,2014/4/23,
Ford,Car,Taurus,SE,Manual 5,Red,1,26700,26700,2014/4/9,
Ford,Car,Taurus,SE,Manual 5,Red,1,26700,26700,2014/4/10,
Ford,Car,Taurus,SE,Manual 5,Red,1,26700,26700,2014/4/11,
Toyota,Car,Camry,SE,Automatic 6,Black,1,23220,23220,2014/5/29,
Toyota,Car,Camry,SE,Automatic 6,Black,1,23220,23220,2014/7/8,
Toyota,Car,Camry,SE,Automatic 6,Black,1,23220,23220,2014/5/9,
Toyota,Car,Camry,SE,Automatic 6,Black,1,23220,23220,2014/5/14,
Toyota,Car,Camry,SE,Automatic 6,Black,1,23220,23220,2014/6/16,
Toyota,Car,Camry,SE,Automatic 6,Black,1,23220,23220,2014/6/24,
Toyota,Car,Camry,SE,Manual 6,Black,1,23220,23220,2014/5/6,
Toyota,Car,Camry,SE,Manual 6,Black,1,23220,23220,2014/5/7,
Toyota,Car,Camry,SE,Manual 6,Black,1,23220,23220,2014/4/14,
Toyota,Car,Camry,SE,Manual 6,Black,1,23220,23220,2014/4/18,
Toyota,Car,Camry,SE,Manual 6,Black,1,23220,23220,2014/4/3,
Toyota,SUV,Highlander,SE,Automatic 5,Red,1,32845,32845,2014/2/5,
Toyota,SUV,Highlander,SE,Automatic 5,Red,1,32845,32845,2014/2/20,
Toyota,SUV,Highlander,SE,Automatic 5,Red,3,32845,98535,2014/1/23,
Toyota,SUV,Highlander,SE,Automatic 6,Black,1,32845,32845,2014/3/27,
Toyota,SUV,Highlander,SE,Automatic 6,Black,1,32845,32845,2014/3/28,
Toyota,SUV,Highlander,SE,Automatic 6,Black,1,32845,32845,2014/3/19,
Toyota,SUV,Highlander,SE,Automatic 6,Blue,1,32845,32845,2014/2/28,
Toyota,SUV,Highlander,SE,Automatic 6,Blue,1,32845,32845,2014/3/5,
Toyota,SUV,Highlander,SE,Automatic 6,Blue,1,32845,32845,2014/3/11,
Toyota,SUV,Highlander,SE,Automatic 6,Blue,1,32845,32845,2014/3/3,
Toyota,Car,Yaris,SE,Automatic 4,Blue,1,17200,17200,2013/8/19,
Toyota,Car,Yaris,SE,Automatic 4,Blue,1,17200,17200,2013/8/23,
Toyota,Car,Yaris,SE,Automatic 4,White,1,17200,17200,2013/8/30,
Toyota,Car,Yaris,SE,Automatic 4,White,1,17200,17200,2013/9/13,
Toyota,Car,Yaris,SE,Automatic 4,White,1,17200,17200,2013/9/3,
Toyota,Car,Yaris,SE,Manual 5,Blue,3,17200,51600,2013/8/13,
Toyota,Car,Yaris,SE,Manual 5,Red,3,17200,51600,2013/8/6,
Toyota,Car,Yaris,SE,Manual 5,Red,3,17200,51600,2013/8/8,
Toyota,Car,Yaris,SE,Manual 5,Red,3,17200,51600,2013/7/18,
Toyota,Car,Yaris,SE,Manual 5,Red,3,17200,51600,2013/7/22,
Volkswagen,Car,Passat,SE,Automatic 6,Black,2,23945,47890,2014/10/31,
Volkswagen,Car,Passat,SE,Automatic 6,Black,1,23945,23945,2014/11/6,
Volkswagen,Car,Passat,SE,Automatic 6,Red,1,23945,23945,2014/11/14,
Volkswagen,Car,Passat,SE,Automatic 6,Red,1,23945,23945,2014/11/21,
Volkswagen,Car,Passat,SE,Automatic 6,Silver,2,23945,47890,2014/10/21,
Volkswagen,Car,Passat,SE,Manual 5,Blue,2,23945,47890,2014/9/11,
Volkswagen,Car,Passat,SE,Manual 5,Blue,2,23945,47890,2014/9/19,
Volkswagen,Car,Passat,SE,Manual 5,Blue,2,23945,47890,2014/9/25,
Volkswagen,Car,Passat,SE,Manual 6,Silver,2,23945,47890,2014/9/29,
Volkswagen,Car,Passat,SE,Manual 6,Silver,2,23945,47890,2014/9/26,
Volkswagen,Van,Routan,SE,Automatic 6,Black,1,32010,32010,2013/10/18,
Volkswagen,Van,Routan,SE,Automatic 6,Black,1,32010,32010,2013/10/21,
Volkswagen,Van,Routan,SE,Automatic 6,Blue,1,32010,32010,2013/10/23,
Volkswagen,Van,Routan,SE,Automatic 6,Blue,1,32010,32010,2013/10/25,
Volkswagen,Van,Routan,SE,Automatic 6,Red,1,32010,32010,2013/9/5,
Volkswagen,Van,Routan,SE,Automatic 6,Red,1,32010,32010,2013/9/11,
Volkswagen,Van,Routan,SE,Automatic 6,Red,1,32010,32010,2013/9/12,
Volkswagen,Van,Routan,SE,Automatic 6,White,1,32010,32010,2013/10/15,
Volkswagen,Van,Routan,SE,Automatic 6,White,1,32010,32010,2013/9/26,
Volkswagen,SUV,Tiguan,SE,Automatic 6,Black,1,29470,29470,2014/2/19,
Volkswagen,SUV,Tiguan,SE,Automatic 6,Black,1,29470,29470,2014/1/24,
Volkswagen,SUV,Tiguan,SE,Automatic 6,Blue,1,29470,29470,2014/1/15,
Volkswagen,SUV,Tiguan,SE,Manual 6,Blue,1,29470,29470,2014/1/8,
Volkswagen,SUV,Tiguan,SE,Manual 6,Blue,1,29470,29470,2014/1/13,
Volkswagen,SUV,Tiguan,SE,Manual 6,Blue,1,29470,29470,2014/1/14,
Volkswagen,SUV,Tiguan,SE,Manual 6,White,1,29470,29470,2013/12/4,
Volkswagen,SUV,Tiguan,SE,Manual 6,White,1,29470,29470,2013/12/13,
Volkswagen,SUV,Tiguan,SE,Manual 6,White,1,29470,29470,2013/11/19,
Volkswagen,SUV,Tiguan,SE,Manual 6,White,1,29470,29470,2013/11/21,
Toyota,Van,Sienna,SE 8-Passenger,Automatic 6,Blue,1,33440,33440,2013/12/31,
Toyota,Van,Sienna,SE 8-Passenger,Automatic 6,Blue,1,33440,33440,2014/1/6,
Toyota,Van,Sienna,SE 8-Passenger,Automatic 6,Blue,1,33440,33440,2014/1/15,
Toyota,Van,Sienna,SE 8-Passenger,Automatic 6,Blue,1,33440,33440,2014/1/21,
Toyota,Van,Sienna,SE 8-Passenger,Automatic 6,Gray,1,33440,33440,2014/2/11,
Toyota,Van,Sienna,SE 8-Passenger,Automatic 6,Gray,1,33440,33440,2013/12/20,
Toyota,Van,Sienna,SE 8-Passenger,Automatic 6,Gray,1,33440,33440,2013/11/26,
Toyota,Van,Sienna,SE 8-Passenger,Automatic 6,Green,1,33440,33440,2013/11/27,
Toyota,Van,Sienna,SE 8-Passenger,Automatic 6,Green,1,33440,33440,2013/12/4,
Toyota,Van,Sienna,SE 8-Passenger,Automatic 6,Green,1,33440,33440,2013/12/19,
Ford,Car,Fusion,SE Sedan,Automatic 6,Red,1,23700,23700,2014/3/6,
Ford,Car,Fusion,SE Sedan,Automatic 6,Red,1,23700,23700,2014/3/7,
Ford,Car,Fusion,SE Sedan,Automatic 6,White,1,23700,23700,2014/3/10,
Ford,Car,Fusion,SE Sedan,Automatic 6,White,1,23700,23700,2014/3/25,
Ford,Car,Fusion,SE Sedan,Automatic 6,White,1,23700,23700,2014/3/26,
Ford,Car,Fusion,SE Sedan,Manual 6,Red,1,23700,23700,2014/2/21,
Ford,Car,Fusion,SE Sedan,Manual 6,Silver,1,23700,23700,2014/2/4,
Ford,Car,Fusion,SE Sedan,Manual 6,Silver,1,23700,23700,2014/2/5,
Ford,Car,Fusion,SE Sedan,Manual 6,Silver,1,23700,23700,2014/2/10,
Ford,Car,Fusion,SE Sedan,Manual 6,Silver,1,23700,23700,2014/2/17,
Ford,SUV,Edge,SEL,Automatic 6,Blue,1,31100,31100,2013/1/31,
Ford,SUV,Edge,SEL,Automatic 6,Blue,1,31100,31100,2013/3/4,
Ford,SUV,Edge,SEL,Automatic 6,Blue,1,31100,31100,2014/12/8,
Ford,SUV,Edge,SEL,Automatic 6,Blue,1,31100,31100,2013/2/11,
Ford,SUV,Edge,SEL,Automatic 6,Blue,1,31100,31100,2013/3/11,
Ford,SUV,Edge,SEL,Automatic 6,Blue,1,31100,31100,2014/12/15,
Ford,SUV,Edge,SEL,Automatic 6,Red,1,31100,31100,2014/11/11,
Ford,SUV,Edge,SEL,Automatic 6,Red,1,31100,31100,2014/11/12,
Ford,SUV,Edge,SEL,Automatic 6,Red,1,31100,31100,2014/11/24,
Ford,SUV,Edge,SEL,Automatic 6,Silver,1,31100,31100,2013/4/10,
Ford,SUV,Edge,SEL,Automatic 6,Silver,1,31100,31100,2013/3/12,
Ford,Car,Taurus,SEL,Automatic 5,Blue,3,28000,84000,2014/7/31,
Ford,Car,Taurus,SEL,Automatic 5,Blue,3,28000,84000,2014/8/4,
Ford,Car,Taurus,SEL,Automatic 5,Blue,2,28000,56000,2014/9/11,
Ford,Car,Taurus,SEL,Automatic 5,Blue,3,28000,84000,2014/8/15,
Ford,Car,Taurus,SEL,Automatic 5,Blue,3,28000,84000,2014/8/22,
Ford,Car,Taurus,SEL,Automatic 5,Blue,2,28000,56000,2014/8/25,
Ford,Car,Taurus,SEL,Manual 5,Red,3,28000,84000,2014/7/29,
Ford,Car,Taurus,SEL,Manual 5,Red,2,28000,56000,2014/7/4,
Ford,Car,Taurus,SEL,Manual 5,Red,2,28000,56000,2014/7/16,
Ford,Car,Taurus,SEL,Manual 5,Red,2,28000,56000,2014/7/18,
Ford,Car,Taurus,SEL,Manual 5,Red,3,28000,84000,2014/7/25,
Volkswagen,Car,Passat,SEL,Automatic 6,Blue,3,30425,91275,2013/5/3,
Volkswagen,Car,Passat,SEL,Automatic 6,Blue,1,30425,30425,2013/5/6,
Volkswagen,Car,Passat,SEL,Automatic 6,Blue,1,30425,30425,2013/5/9,
Volkswagen,Car,Passat,SEL,Automatic 6,Red,3,30425,91275,2013/5/2,
Volkswagen,Car,Passat,SEL,Manual 6,Red,3,30425,91275,2013/4/30,
Volkswagen,Car,Passat,SEL,Manual 6,Red,3,30425,91275,2013/4/22,
Volkswagen,Car,Passat,SEL,Manual 6,Silver,1,30425,30425,2013/3/27,
Volkswagen,Car,Passat,SEL,Manual 6,Silver,1,30425,30425,2013/4/8,
Volkswagen,Car,Passat,SEL,Manual 6,Silver,3,30425,91275,2013/4/9,
Volkswagen,Van,Routan,SEL,Automatic 6,Black,1,37890,37890,2013/12/31,
Volkswagen,Van,Routan,SEL,Automatic 6,Black,1,37890,37890,2014/2/17,
Volkswagen,Van,Routan,SEL,Automatic 6,Black,1,37890,37890,2014/2/19,
Volkswagen,Van,Routan,SEL,Automatic 6,Black,1,37890,37890,2014/1/22,
Volkswagen,Van,Routan,SEL,Automatic 6,Blue,1,37890,37890,2013/10/28,
Volkswagen,Van,Routan,SEL,Automatic 6,Blue,1,37890,37890,2013/11/5,
Volkswagen,Van,Routan,SEL,Automatic 6,White,1,37890,37890,2013/12/4,
Volkswagen,Van,Routan,SEL,Automatic 6,White,1,37890,37890,2013/11/12,
Volkswagen,Van,Routan,SEL,Automatic 6,White,1,37890,37890,2013/11/21,
Volkswagen,SUV,Tiguan,SEL,Automatic 6,Black,1,35175,35175,2014/4/28,
Volkswagen,SUV,Tiguan,SEL,Automatic 6,Black,1,35175,35175,2014/5/6,
Volkswagen,SUV,Tiguan,SEL,Automatic 6,Black,1,35175,35175,2014/4/10,
Volkswagen,SUV,Tiguan,SEL,Automatic 6,White,1,35175,35175,2014/3/12,
Volkswagen,SUV,Tiguan,SEL,Automatic 6,White,1,35175,35175,2014/4/2,
Volkswagen,SUV,Tiguan,SEL,Manual 6,Blue,1,35175,35175,2014/2/27,
Volkswagen,SUV,Tiguan,SEL,Manual 6,Blue,1,35175,35175,2014/2/28,
Volkswagen,SUV,Tiguan,SEL,Manual 6,Blue,1,35175,35175,2014/2/25,
Volkswagen,SUV,Tiguan,SEL,Manual 6,White,1,35175,35175,2014/3/5,
Volkswagen,SUV,Tiguan,SEL,Manual 6,White,1,35175,35175,2014/3/7,
Volkswagen,Van,Routan,SEL Premium,Automatic 6,Black,1,44280,44280,2014/4/30,
Volkswagen,Van,Routan,SEL Premium,Automatic 6,Black,1,44280,44280,2014/2/26,
Volkswagen,Van,Routan,SEL Premium,Automatic 6,Blue,1,44280,44280,2014/3/3,
Volkswagen,Van,Routan,SEL Premium,Automatic 6,Blue,1,44280,44280,2014/3/7,
Volkswagen,Van,Routan,SEL Premium,Automatic 6,Blue,2,44280,88560,2014/3/18,
Volkswagen,Van,Routan,SEL Premium,Automatic 6,White,2,44280,88560,2014/3/27,
Volkswagen,Van,Routan,SEL Premium,Automatic 6,White,1,44280,44280,2014/4/8,
Volkswagen,Van,Routan,SEL Premium,Automatic 6,White,1,44280,44280,2014/4/23,
Volkswagen,Van,Routan,SEL Premium,Automatic 6,White,1,44280,44280,2014/4/25,
Volkswagen,Van,Routan,SEL Premium,Automatic 6,White,2,44280,88560,2014/3/26,
Ford,Car,Taurus,SHO,Automatic 5,Blue,1,30200,30200,2014/11/18,
Ford,Car,Taurus,SHO,Automatic 5,Blue,1,30200,30200,2014/11/19,
Ford,Car,Taurus,SHO,Automatic 5,Red,1,30200,30200,2014/11/14,
Ford,Car,Taurus,SHO,Automatic 5,Red,1,30200,30200,2014/11/17,
Ford,Car,Taurus,SHO,Manual 5,Blue,2,30200,60400,2014/10/8,
Ford,Car,Taurus,SHO,Manual 5,Blue,2,30200,60400,2014/10/13,
Ford,Car,Taurus,SHO,Manual 5,Blue,2,30200,60400,2014/10/21,
Ford,Car,Taurus,SHO,Manual 5,Red,2,30200,60400,2014/10/29,
Ford,Car,Taurus,SHO,Manual 5,Red,2,30200,60400,2014/11/7,
Ford,Car,Taurus,SHO,Manual 5,Red,2,30200,60400,2014/10/23,
Toyota,SUV,Sequoia,SR5,Automatic 6,Gray,1,41555,41555,2014/9/1,
Toyota,SUV,Sequoia,SR5,Automatic 6,Gray,1,41555,41555,2014/9/8,
Toyota,SUV,Sequoia,SR5,Automatic 6,Gray,1,41555,41555,2014/8/13,
Toyota,SUV,Sequoia,SR5,Automatic 6,Gray,1,41555,41555,2014/8/14,
Toyota,SUV,Sequoia,SR5,Automatic 6,Gray,1,41555,41555,2014/9/2,
Toyota,SUV,Sequoia,SR5,Automatic 6,Silver,1,41555,41555,2014/9/9,
Toyota,SUV,Sequoia,SR5,Automatic 6,Silver,1,41555,41555,2014/9/19,
Toyota,SUV,Sequoia,SR5,Automatic 6,Silver,1,41555,41555,2014/9/26,
Toyota,SUV,Sequoia,SR5,Automatic 6,White,1,41555,41555,2014/10/1,
Toyota,SUV,Sequoia,SR5,Automatic 6,White,1,41555,41555,2014/10/2,
Ford,Truck,F-250,Short Bed Extended,Automatic 6,Black,1,31190,31190,2014/6/30,
Ford,Truck,F-250,Short Bed Extended,Automatic 6,Black,1,31190,31190,2014/7/4,
Ford,Truck,F-250,Short Bed Extended,Automatic 6,Black,1,31190,31190,2014/7/8,
Ford,Truck,F-250,Short Bed Extended,Automatic 6,Black,1,31190,31190,2014/7/2,
Ford,Truck,F-250,Short Bed Extended,Automatic 6,Red,1,31190,31190,2014/6/13,
Ford,Truck,F-250,Short Bed Extended,Automatic 6,Red,1,31190,31190,2014/6/16,
Ford,Truck,F-250,Short Bed Extended,Automatic 6,Red,1,31190,31190,2014/6/17,
Ford,Truck,F-250,Short Bed Extended,Automatic 6,Red,1,31190,31190,2014/6/25,
Ford,Truck,F-250,Short Bed Extended,Automatic 6,White,1,31190,31190,2014/7/9,
Ford,Truck,F-250,Short Bed Extended,Automatic 6,White,1,31190,31190,2014/7/14,
Ford,SUV,Edge,Sport,Automatic 6,Blue,2,37100,74200,2014/8/1,
Ford,SUV,Edge,Sport,Automatic 6,Blue,2,37100,74200,2014/8/4,
Ford,SUV,Edge,Sport,Automatic 6,Blue,2,37100,74200,2014/8/18,
Ford,SUV,Edge,Sport,Automatic 6,Blue,2,37100,74200,2014/8/21,
Ford,SUV,Edge,Sport,Automatic 6,Red,1,37100,37100,2014/7/21,
Ford,SUV,Edge,Sport,Automatic 6,Silver,1,37100,37100,2014/7/1,
Ford,SUV,Edge,Sport,Automatic 6,Silver,1,37100,37100,2014/7/10,
Ford,SUV,Edge,Sport,Automatic 6,Silver,1,37100,37100,2014/7/14,
Ford,SUV,Edge,Sport,Automatic 6,Silver,1,37100,37100,2014/7/17,
Ford,SUV,Explorer,Sport,Automatic 6,Blue,2,40780,81560,2013/10/29,
Ford,SUV,Explorer,Sport,Automatic 6,Blue,2,40780,81560,2013/10/31,
Ford,SUV,Explorer,Sport,Automatic 6,Blue,2,40780,81560,2013/11/8,
Ford,SUV,Explorer,Sport,Automatic 6,Blue,1,40780,40780,2013/11/11,
Ford,SUV,Explorer,Sport,Automatic 6,Green,2,40780,81560,2013/10/7,
Ford,SUV,Explorer,Sport,Automatic 6,Green,2,40780,81560,2013/10/2,
Ford,SUV,Explorer,Sport,Automatic 6,Green,2,40780,81560,2013/10/3,
Ford,SUV,Explorer,Sport,Automatic 6,Red,2,40780,81560,2013/10/8,
Ford,SUV,Explorer,Sport,Automatic 6,Red,2,40780,81560,2013/10/10,
Ford,SUV,Explorer,Sport,Automatic 6,Red,2,40780,81560,2013/10/14,
Ford,SUV,Explorer,Sport,Automatic 6,Red,2,40780,81560,2013/10/15,
Toyota,SUV,FJ Cruiser,Sport,Manual 6,Black,1,26115,26115,2013/10/30,
Toyota,SUV,FJ Cruiser,Sport,Manual 6,Black,1,26115,26115,2013/10/22,
Toyota,SUV,FJ Cruiser,Sport,Manual 6,Black,1,26115,26115,2013/10/25,
Toyota,SUV,FJ Cruiser,Sport,Manual 6,Blue,1,26115,26115,2013/9/6,
Toyota,SUV,FJ Cruiser,Sport,Manual 6,Blue,1,26115,26115,2013/9/20,
Toyota,SUV,FJ Cruiser,Sport,Manual 6,Blue,1,26115,26115,2013/9/24,
Toyota,SUV,FJ Cruiser,Sport,Manual 6,Blue,1,26115,26115,2013/9/25,
Toyota,SUV,FJ Cruiser,Sport,Manual 6,Green,1,26115,26115,2013/10/4,
Toyota,SUV,FJ Cruiser,Sport,Manual 6,Green,1,26115,26115,2013/10/14,
Toyota,SUV,FJ Cruiser,Sport,Manual 6,Green,1,26115,26115,2013/10/21,
Toyota,SUV,FJ Cruiser,Sport,Manual 6,Green,1,26115,26115,2013/10/3,
Volkswagen,SUV,Touareg,Sport,Automatic 8,Black,2,43945,87890,2014/6/27,
Volkswagen,SUV,Touareg,Sport,Automatic 8,Blue,2,43945,87890,2014/5/13,
Volkswagen,SUV,Touareg,Sport,Automatic 8,Blue,2,43945,87890,2014/5/14,
Volkswagen,SUV,Touareg,Sport,Automatic 8,Blue,2,43945,87890,2014/5/19,
Volkswagen,SUV,Touareg,Sport,Automatic 8,Silver,2,43945,87890,2014/5/29,
Volkswagen,SUV,Touareg,Sport,Automatic 8,Silver,2,43945,87890,2014/6/4,
Volkswagen,SUV,Touareg,Sport,Automatic 8,Silver,2,43945,87890,2014/6/16,
Volkswagen,SUV,Touareg,Sport,Automatic 8,Silver,2,43945,87890,2014/5/26,
Volkswagen,SUV,Touareg,Sport,Automatic 8,White,2,43945,87890,2014/6/5,
Volkswagen,SUV,Touareg,Sport,Automatic 8,White,2,43945,87890,2014/6/9,
Volkswagen,SUV,Touareg,Sport,Automatic 8,White,2,43945,87890,2014/6/11,
Chevrolet,Car,Corvette,Sport Coupe,Automatic 6,Orange,2,56000,112000,2014/10/7,
Chevrolet,Car,Corvette,Sport Coupe,Automatic 6,Orange,2,56000,112000,2014/10/13,
Chevrolet,Car,Corvette,Sport Coupe,Automatic 6,Orange,2,56000,112000,2014/10/3,
Chevrolet,Car,Corvette,Sport Coupe,Automatic 6,Orange,1,56000,56000,2014/9/22,
Chevrolet,Car,Corvette,Sport Coupe,Manual 6,Orange,1,56000,56000,2014/9/8,
Chevrolet,Car,Corvette,Sport Coupe,Manual 6,Orange,1,56000,56000,2014/9/18,
Chevrolet,Car,Corvette,Sport Coupe,Manual 6,Yellow,1,56000,56000,2014/8/28,
Chevrolet,Car,Corvette,Sport Coupe,Manual 6,Yellow,1,56000,56000,2014/8/18,
Chevrolet,Car,Corvette,Sport Coupe,Manual 6,Yellow,1,56000,56000,2014/8/25,
Toyota,Truck,Tundra,Standard Bed Extended,Automatic 5,Gray,2,27365,54730,2013/9/27,
Toyota,Truck,Tundra,Standard Bed Extended,Automatic 5,Gray,2,27365,54730,2013/9/24,
Toyota,Truck,Tundra,Standard Bed Extended,Automatic 5,Gray,2,27365,54730,2013/9/25,
Toyota,Truck,Tundra,Standard Bed Extended,Automatic 6,Blue,1,27365,27365,2013/11/28,
Toyota,Truck,Tundra,Standard Bed Extended,Automatic 6,Blue,1,27365,27365,2013/11/29,
Toyota,Truck,Tundra,Standard Bed Extended,Automatic 6,Blue,1,27365,27365,2013/10/24,
Toyota,Truck,Tundra,Standard Bed Extended,Automatic 6,Red,1,27365,27365,2013/10/9,
Toyota,Truck,Tundra,Standard Bed Extended,Automatic 6,White,1,27365,27365,2013/10/14,
Toyota,Truck,Tundra,Standard Bed Extended,Automatic 6,White,1,27365,27365,2013/10/18,
Toyota,Truck,Tundra,Standard Bed Regular,Automatic 5,Gray,2,25155,50310,2013/6/17,
Toyota,Truck,Tundra,Standard Bed Regular,Automatic 5,Gray,2,25155,50310,2013/6/19,
Toyota,Truck,Tundra,Standard Bed Regular,Automatic 5,Red,2,25155,50310,2013/6/10,
Toyota,Truck,Tundra,Standard Bed Regular,Automatic 5,Red,2,25155,50310,2013/6/11,
Toyota,Truck,Tundra,Standard Bed Regular,Automatic 6,Gray,2,25155,50310,2013/8/1,
Toyota,Truck,Tundra,Standard Bed Regular,Automatic 6,Red,2,25155,50310,2013/8/5,
Volkswagen,Car,Beetle,TDI,Automatic 6,Silver,1,23495,23495,2014/1/14,
Volkswagen,Car,Beetle,TDI,Automatic 6,Silver,1,23495,23495,2014/1/20,
Volkswagen,Car,Beetle,TDI,Manual 6,Blue,2,23495,46990,2013/11/22,
Volkswagen,Car,Beetle,TDI,Manual 6,Blue,2,23495,46990,2013/11/25,
Volkswagen,Car,Beetle,TDI,Manual 6,White,2,23495,46990,2013/11/29,
Volkswagen,Car,Beetle,TDI,Manual 6,White,2,23495,46990,2013/12/9,
Volkswagen,Car,Beetle,TDI,Manual 6,White,2,23495,46990,2013/12/12,
Volkswagen,Car,Beetle,TDI,Manual 6,White,2,23495,46990,2014/1/13,
Volkswagen,Car,Golf,TDI,Automatic 6,Black,1,25335,25335,2014/4/28,
Volkswagen,Car,Golf,TDI,Automatic 6,Black,1,25335,25335,2014/4/29,
Volkswagen,Car,Golf,TDI,Automatic 6,Black,1,25335,25335,2014/4/4,
Volkswagen,Car,Golf,TDI,Automatic 6,Black,1,25335,25335,2014/4/9,
Volkswagen,Car,Golf,TDI,Automatic 6,Black,1,25335,25335,2014/4/17,
Volkswagen,Car,Golf,TDI,Manual 6,Blue,1,25335,25335,2014/4/1,
Volkswagen,Car,Golf,TDI,Manual 6,Blue,1,25335,25335,2014/3/11,
Volkswagen,Car,Golf,TDI,Manual 6,Blue,1,25335,25335,2014/3/13,
Volkswagen,Car,Golf,TDI,Manual 6,Blue,1,25335,25335,2014/3/25,
Volkswagen,SUV,Touareg,TDI Executive Sport,Automatic 8,Black,2,59175,118350,2013/4/15,
Volkswagen,SUV,Touareg,TDI Executive Sport,Automatic 8,Blue,2,59175,118350,2013/4/8,
Volkswagen,SUV,Touareg,TDI Executive Sport,Automatic 8,Blue,2,59175,118350,2013/4/9,
Volkswagen,SUV,Touareg,TDI Executive Sport,Automatic 8,Silver,2,59175,118350,2013/1/31,
Volkswagen,SUV,Touareg,TDI Executive Sport,Automatic 8,Silver,2,59175,118350,2013/3/6,
Volkswagen,SUV,Touareg,TDI Executive Sport,Automatic 8,Silver,2,59175,118350,2013/3/18,
Volkswagen,SUV,Touareg,TDI Executive Sport,Automatic 8,Silver,2,59175,118350,2013/3/19,
Volkswagen,SUV,Touareg,TDI Executive Sport,Automatic 8,White,2,59175,118350,2013/5/15,
Volkswagen,SUV,Touareg,TDI Executive Sport,Automatic 8,White,2,59175,118350,2013/4/18,
Volkswagen,SUV,Touareg,TDI Executive Sport,Automatic 8,White,2,59175,118350,2013/4/24,
Volkswagen,SUV,Touareg,TDI Lux Sport,Automatic 8,Black,1,53450,53450,2014/11/27,
Volkswagen,SUV,Touareg,TDI Lux Sport,Automatic 8,Black,1,53450,53450,2014/12/3,
Volkswagen,SUV,Touareg,TDI Lux Sport,Automatic 8,Black,1,53450,53450,2014/11/28,
Volkswagen,SUV,Touareg,TDI Lux Sport,Automatic 8,Black,1,53450,53450,2014/12/2,
Volkswagen,SUV,Touareg,TDI Lux Sport,Automatic 8,Silver,1,53450,53450,2014/10/27,
Volkswagen,SUV,Touareg,TDI Lux Sport,Automatic 8,Silver,1,53450,53450,2014/11/3,
Volkswagen,SUV,Touareg,TDI Lux Sport,Automatic 8,Silver,1,53450,53450,2014/11/10,
Volkswagen,SUV,Touareg,TDI Lux Sport,Automatic 8,Silver,1,53450,53450,2014/11/12,
Volkswagen,Car,Passat,TDI SE,Automatic 6,Black,1,26225,26225,2013/3/5,
Volkswagen,Car,Passat,TDI SE,Automatic 6,Black,1,26225,26225,2013/3/15,
Volkswagen,Car,Passat,TDI SE,Automatic 6,Blue,1,26225,26225,2013/3/1,
Volkswagen,Car,Passat,TDI SE,Automatic 6,Blue,1,26225,26225,2013/2/19,
Volkswagen,Car,Passat,TDI SE,Automatic 6,Silver,1,26225,26225,2013/2/11,
Volkswagen,Car,Passat,TDI SE,Automatic 6,Silver,1,26225,26225,2013/2/14,
Volkswagen,Car,Passat,TDI SE,Manual 6,Red,1,26225,26225,2014/11/27,
Volkswagen,Car,Passat,TDI SE,Manual 6,Red,1,26225,26225,2014/12/12,
Volkswagen,Car,Passat,TDI SE,Manual 6,Red,1,26225,26225,2014/12/15,
Volkswagen,Car,Passat,TDI SE,Manual 6,Silver,1,26225,26225,2013/2/8,
Volkswagen,Car,Passat,TDI SE,Manual 6,Silver,1,26225,26225,2013/1/23,
Volkswagen,Car,Passat,TDI SEL,Manual 6,Black,2,32915,65830,2013/8/28,
Volkswagen,Car,Passat,TDI SEL,Manual 6,Black,2,32915,65830,2013/8/23,
Volkswagen,Car,Passat,TDI SEL,Manual 6,Blue,1,32915,32915,2013/5/27,
Volkswagen,Car,Passat,TDI SEL,Manual 6,Blue,1,32915,32915,2013/6/4,
Volkswagen,Car,Passat,TDI SEL,Manual 6,Blue,1,32915,32915,2013/6/10,
Volkswagen,Car,Passat,TDI SEL,Manual 6,Blue,2,32915,65830,2013/6/19,
Volkswagen,Car,Passat,TDI SEL,Manual 6,Red,2,32915,65830,2013/6/28,
Volkswagen,Car,Passat,TDI SEL,Manual 6,Red,2,32915,65830,2013/6/20,
Volkswagen,Car,Passat,TDI SEL,Manual 6,Silver,2,32915,65830,2013/7/11,
Volkswagen,Car,Passat,TDI SEL,Manual 6,Silver,2,32915,65830,2013/7/25,
Volkswagen,SUV,Touareg,TDI Sport,Automatic 8,Black,1,47445,47445,2014/8/4,
Volkswagen,SUV,Touareg,TDI Sport,Automatic 8,Black,1,47445,47445,2014/8/1,
Volkswagen,SUV,Touareg,TDI Sport,Automatic 8,Black,1,47445,47445,2014/7/25,
Volkswagen,SUV,Touareg,TDI Sport,Automatic 8,Blue,2,47445,94890,2014/7/8,
Volkswagen,SUV,Touareg,TDI Sport,Automatic 8,Silver,2,47445,94890,2014/7/10,
Volkswagen,SUV,Touareg,TDI Sport,Automatic 8,Silver,2,47445,94890,2014/7/11,
Volkswagen,SUV,Touareg,TDI Sport,Automatic 8,Silver,1,47445,47445,2014/7/14,
Ford,Car,Fusion,Titanium Sedan,Automatic 6,Red,1,30200,30200,2014/5/8,
Ford,Car,Fusion,Titanium Sedan,Automatic 6,White,1,30200,30200,2014/6/30,
Ford,Car,Fusion,Titanium Sedan,Automatic 6,White,1,30200,30200,2014/6/9,
Ford,Car,Fusion,Titanium Sedan,Automatic 6,White,1,30200,30200,2014/5/14,
Ford,Car,Fusion,Titanium Sedan,Manual 6,Red,1,30200,30200,2014/5/1,
Ford,Car,Fusion,Titanium Sedan,Manual 6,Red,1,30200,30200,2014/5/5,
Ford,Car,Fusion,Titanium Sedan,Manual 6,Silver,1,30200,30200,2014/3/28,
Ford,Car,Fusion,Titanium Sedan,Manual 6,Silver,1,30200,30200,2014/4/14,
Ford,Car,Fusion,Titanium Sedan,Manual 6,Silver,1,30200,30200,2014/4/17,
Ford,Car,Fusion,Titanium Sedan,Manual 6,White,1,30200,30200,2014/4/24,
Toyota,Truck,Tacoma,X-Runner Extended,Automatic 5,Gray,1,26630,26630,2013/3/28,
Toyota,Truck,Tacoma,X-Runner Extended,Automatic 5,Gray,1,26630,26630,2013/4/29,
Toyota,Truck,Tacoma,X-Runner Extended,Automatic 5,Gray,1,26630,26630,2013/4/3,
Toyota,Truck,Tacoma,X-Runner Extended,Manual 5,Black,1,26630,26630,2013/5/8,
Toyota,Truck,Tacoma,X-Runner Extended,Manual 5,Black,1,26630,26630,2013/5/3,
Toyota,Truck,Tacoma,X-Runner Extended,Manual 6,Black,1,26630,26630,2013/5/23,
Toyota,Truck,Tacoma,X-Runner Extended,Manual 6,Silver,1,26630,26630,2013/5/16,
Toyota,Truck,Tacoma,X-Runner Extended,Manual 6,Silver,1,26630,26630,2013/5/20,
Toyota,Truck,Tacoma,X-Runner Extended,Manual 6,White,1,26630,26630,2013/5/28,
Toyota,Truck,Tacoma,X-Runner Extended,Manual 6,White,1,26630,26630,2013/6/3,
Ford,Van,Transit,XL Cargo,Automatic 4,Blue,1,22035,22035,2013/12/11,
Ford,Van,Transit,XL Cargo,Automatic 4,Blue,1,22035,22035,2013/11/18,
Ford,Van,Transit,XL Cargo,Automatic 4,Blue,1,22035,22035,2013/12/24,
Ford,Van,Transit,XL Cargo,Automatic 4,Blue,1,22035,22035,2013/11/25,
Ford,Van,Transit,XL Cargo,Automatic 4,Red,1,22035,22035,2014/1/29,
Ford,Van,Transit,XL Cargo,Automatic 4,Red,1,22035,22035,2014/2/4,
Ford,Van,Transit,XL Cargo,Automatic 4,White,1,22035,22035,2014/1/1,
Ford,Van,Transit,XL Cargo,Automatic 4,White,1,22035,22035,2014/1/21,
Ford,Van,Transit,XL Cargo,Automatic 4,White,1,22035,22035,2013/12/26,
Toyota,Car,Camry,XLE,Automatic 6,Black,1,23220,23220,2014/12/3,
Toyota,Car,Camry,XLE,Automatic 6,Black,1,23220,23220,2014/12/9,
Toyota,Car,Camry,XLE,Automatic 6,Black,1,23220,23220,2014/12/2,
Toyota,Car,Camry,XLE,Automatic 6,Black,1,23220,23220,2014/12/16,
Toyota,Car,Camry,XLE,Automatic 6,Black,1,23220,23220,2014/11/17,
Toyota,Car,Camry,XLE,Automatic 6,Black,1,23220,23220,2014/11/18,
Toyota,Car,Camry,XLE,Manual 6,Black,1,23220,23220,2014/10/29,
Toyota,Car,Camry,XLE,Manual 6,Black,1,23220,23220,2014/9/30,
Toyota,Car,Camry,XLE,Manual 6,Black,1,23220,23220,2014/11/4,
Toyota,Car,Camry,XLE,Manual 6,Black,1,23220,23220,2014/10/10,
Toyota,Car,Camry,XLE,Manual 6,Black,1,23220,23220,2014/9/22,
Toyota,Van,Sienna,XLE 7-Passenger,Automatic 6,Blue,1,35545,35545,2014/3/12,
Toyota,Van,Sienna,XLE 7-Passenger,Automatic 6,Blue,1,35545,35545,2014/2/19,
Toyota,Van,Sienna,XLE 7-Passenger,Automatic 6,Blue,1,35545,35545,2014/2/24,
Toyota,Van,Sienna,XLE 7-Passenger,Automatic 6,Blue,1,35545,35545,2014/2/25,
Toyota,Van,Sienna,XLE 7-Passenger,Automatic 6,Silver,1,35545,35545,2014/3/28,
Toyota,Van,Sienna,XLE 7-Passenger,Automatic 6,Silver,1,35545,35545,2014/4/16,
Toyota,Van,Sienna,XLE 7-Passenger,Automatic 6,Silver,1,35545,35545,2014/3/25,
Toyota,Van,Sienna,XLE 7-Passenger,Automatic 6,White,2,35545,71090,2014/5/13,
Toyota,Van,Sienna,XLE 7-Passenger,Automatic 6,White,1,35545,35545,2014/5/2,
Toyota,Van,Sienna,XLE 7-Passenger,Automatic 6,White,1,35545,35545,2014/4/18,
Toyota,Van,Sienna,XLE 8-Passenger,Automatic 6,Blue,1,33205,33205,2013/11/19,
Toyota,Van,Sienna,XLE 8-Passenger,Automatic 6,Gray,1,33205,33205,2013/11/8,
Toyota,Van,Sienna,XLE 8-Passenger,Automatic 6,Gray,1,33205,33205,2013/10/22,
Toyota,Van,Sienna,XLE 8-Passenger,Automatic 6,Green,1,33205,33205,2013/10/9,
Toyota,Van,Sienna,XLE 8-Passenger,Automatic 6,Red,1,33205,33205,2013/9/17,
Toyota,Van,Sienna,XLE 8-Passenger,Automatic 6,Red,1,33205,33205,2013/8/22,
Toyota,Van,Sienna,XLE 8-Passenger,Automatic 6,Red,1,33205,33205,2013/8/23,
Toyota,Van,Sienna,XLE 8-Passenger,Automatic 6,Silver,1,33205,33205,2013/10/1,
Toyota,Van,Sienna,XLE 8-Passenger,Automatic 6,Silver,1,33205,33205,2013/10/2,
Toyota,Van,Sienna,XLE 8-Passenger,Automatic 6,Silver,1,33205,33205,2013/9/24,
Ford,SUV,Explorer,XLT,Automatic 6,Blue,1,32680,32680,2013/6/17,
Ford,SUV,Explorer,XLT,Automatic 6,Blue,1,32680,32680,2013/6/18,
Ford,SUV,Explorer,XLT,Automatic 6,Green,1,32680,32680,2013/5/28,
Ford,SUV,Explorer,XLT,Automatic 6,Green,1,32680,32680,2013/5/8,
Ford,SUV,Explorer,XLT,Automatic 6,Green,1,32680,32680,2013/6/12,
Ford,SUV,Explorer,XLT,Automatic 6,Green,1,32680,32680,2013/5/15,
Ford,SUV,Explorer,XLT,Automatic 6,Green,1,32680,32680,2013/4/18,
Ford,SUV,Explorer,XLT,Automatic 6,Red,1,32680,32680,2013/7/8,
Ford,SUV,Explorer,XLT,Automatic 6,Red,1,32680,32680,2013/6/13,
Ford,SUV,Explorer,XLT,Automatic 6,Red,1,32680,32680,2013/6/21,
Ford,Van,Transit,XLT Cargo,Automatic 4,Blue,1,23095,23095,2014/4/2,
Ford,Van,Transit,XLT Cargo,Automatic 4,Blue,1,23095,23095,2014/4/17,
Ford,Van,Transit,XLT Cargo,Automatic 4,Red,1,23095,23095,2014/2/7,
Ford,Van,Transit,XLT Cargo,Automatic 4,Red,1,23095,23095,2014/2/13,
Ford,Van,Transit,XLT Cargo,Automatic 4,Red,1,23095,23095,2014/2/18,
Ford,Van,Transit,XLT Cargo,Automatic 4,White,1,23095,23095,2014/3/31,
Ford,Van,Transit,XLT Cargo,Automatic 4,White,1,23095,23095,2014/3/5,
Ford,Van,Transit,XLT Cargo,Automatic 4,White,1,23095,23095,2014/3/14,
Ford,Van,Transit,XLT Cargo,Automatic 4,White,1,23095,23095,2014/2/19,
Ford,Van,Transit,XLT Cargo,Automatic 4,White,1,23095,23095,2014/2/26,
Ford,Van,Transit,XLT Passenger,Automatic 4,Blue,1,23660,23660,2014/4/28,
Ford,Van,Transit,XLT Passenger,Automatic 4,Blue,1,23660,23660,2014/5/6,
Ford,Van,Transit,XLT Passenger,Automatic 4,Blue,1,23660,23660,2014/5/7,
Ford,Van,Transit,XLT Passenger,Automatic 4,Blue,1,23660,23660,2014/4/24,
Ford,Van,Transit,XLT Passenger,Automatic 4,Red,1,23660,23660,2014/5/30,
Ford,Van,Transit,XLT Passenger,Automatic 4,Red,1,23660,23660,2014/6/2,
Ford,Van,Transit,XLT Passenger,Automatic 4,Red,1,23660,23660,2014/5/19,
Ford,Van,Transit,XLT Passenger,Automatic 4,Red,1,23660,23660,2014/5/21,
Ford,Van,Transit,XLT Passenger,Automatic 4,Red,1,23660,23660,2014/5/22,
Ford,Van,Transit,XLT Passenger,Automatic 4,White,1,23660,23660,2014/6/12,
Ford,Van,Transit,XLT Passenger,Automatic 4,White,1,23660,23660,2014/6/3,
Skoda,SUV,Yeti,Yeti,Automatic 6,Blue,2,21340,42680,2013/1/9,
Skoda,SUV,Yeti,Yeti,Automatic 6,Blue,2,21340,42680,2013/1/11,
Skoda,SUV,Yeti,Yeti,Automatic 6,Blue,2,21340,42680,2013/1/2,
Skoda,SUV,Yeti,Yeti,Automatic 6,Blue,2,21340,42680,2013/1/14,
Skoda,SUV,Yeti,Yeti,Automatic 6,Blue,2,21340,42680,2013/1/17,
Skoda,SUV,Yeti,Yeti,Manual 6,Blue,2,21340,42680,2013/1/1,
Skoda,SUV,Yeti,Yeti,Manual 6,Red,2,21340,42680,2014/12/9,
Skoda,SUV,Yeti,Yeti,Manual 6,Red,2,21340,42680,2014/11/20,
Skoda,SUV,Yeti,Yeti,Manual 6,Red,2,21340,42680,2014/12/26,
Chevrolet,Car,Corvette,ZR1 Coupe,Manual 6,Black,1,111600,111600,2014/11/27,
Chevrolet,Car,Corvette,ZR1 Coupe,Manual 6,Black,3,111600,334800,2014/12/5,
Chevrolet,Car,Corvette,ZR1 Coupe,Manual 6,Black,1,111600,111600,2014/12/2,
Chevrolet,Car,Corvette,ZR1 Coupe,Manual 6,Orange,2,111600,223200,2014/11/7,
Chevrolet,Car,Corvette,ZR1 Coupe,Manual 6,Orange,2,111600,223200,2014/10/15,
Chevrolet,Car,Corvette,ZR1 Coupe,Manual 6,Orange,2,111600,223200,2014/11/3,
Chevrolet,Car,Corvette,ZR1 Coupe,Manual 6,Orange,2,111600,223200,2014/10/24,
Chevrolet,Car,Corvette,ZR1 Coupe,Manual 6,Red,1,111600,111600,2014/11/26,
Chevrolet,Car,Corvette,ZR1 Coupe,Manual 6,Yellow,2,111600,223200,2014/11/24,
Chevrolet,Car,Corvette,ZR1 Coupe,Manual 6,Yellow,2,111600,223200,2014/11/25,###
